image,condition,distortion,detector,iou
GOPR0475_frame_000041_rgb_anon.png,fog,noisy,sobel_p75,0.3122
GOPR0475_frame_000041_rgb_anon.png,fog,noisy,canny_proj3,0.2360
GOPR0475_frame_000041_rgb_anon.png,fog,noisy,canny_proj3_preblur,0.3773
GOPR0475_frame_000041_rgb_anon.png,fog,blurred,sobel_p75,0.5300
GOPR0475_frame_000041_rgb_anon.png,fog,blurred,canny_proj3,0.1381
GOPR0475_frame_000041_rgb_anon.png,fog,blurred,canny_proj3_preblur,0.1517
GOPR0475_frame_000041_rgb_anon.png,fog,lowcontrast,sobel_p75,0.9346
GOPR0475_frame_000041_rgb_anon.png,fog,lowcontrast,canny_proj3,0.9214
GOPR0475_frame_000041_rgb_anon.png,fog,lowcontrast,canny_proj3_preblur,0.8715
GOPR0475_frame_000049_rgb_anon.png,fog,noisy,sobel_p75,0.2199
GOPR0475_frame_000049_rgb_anon.png,fog,noisy,canny_proj3,0.0719
GOPR0475_frame_000049_rgb_anon.png,fog,noisy,canny_proj3_preblur,0.1982
GOPR0475_frame_000049_rgb_anon.png,fog,blurred,sobel_p75,0.4275
GOPR0475_frame_000049_rgb_anon.png,fog,blurred,canny_proj3,0.1358
GOPR0475_frame_000049_rgb_anon.png,fog,blurred,canny_proj3_preblur,0.1573
GOPR0475_frame_000049_rgb_anon.png,fog,lowcontrast,sobel_p75,0.8428
GOPR0475_frame_000049_rgb_anon.png,fog,lowcontrast,canny_proj3,0.8990
GOPR0475_frame_000049_rgb_anon.png,fog,lowcontrast,canny_proj3_preblur,0.8330
GOPR0475_frame_000096_rgb_anon.png,fog,noisy,sobel_p75,0.4237
GOPR0475_frame_000096_rgb_anon.png,fog,noisy,canny_proj3,0.4212
GOPR0475_frame_000096_rgb_anon.png,fog,noisy,canny_proj3_preblur,0.5523
GOPR0475_frame_000096_rgb_anon.png,fog,blurred,sobel_p75,0.5613
GOPR0475_frame_000096_rgb_anon.png,fog,blurred,canny_proj3,0.2075
GOPR0475_frame_000096_rgb_anon.png,fog,blurred,canny_proj3_preblur,0.2050
GOPR0475_frame_000096_rgb_anon.png,fog,lowcontrast,sobel_p75,0.9590
GOPR0475_frame_000096_rgb_anon.png,fog,lowcontrast,canny_proj3,0.9507
GOPR0475_frame_000096_rgb_anon.png,fog,lowcontrast,canny_proj3_preblur,0.9168
GOPR0475_frame_000116_rgb_anon.png,fog,noisy,sobel_p75,0.2485
GOPR0475_frame_000116_rgb_anon.png,fog,noisy,canny_proj3,0.1784
GOPR0475_frame_000116_rgb_anon.png,fog,noisy,canny_proj3_preblur,0.3356
GOPR0475_frame_000116_rgb_anon.png,fog,blurred,sobel_p75,0.5168
GOPR0475_frame_000116_rgb_anon.png,fog,blurred,canny_proj3,0.2366
GOPR0475_frame_000116_rgb_anon.png,fog,blurred,canny_proj3_preblur,0.2448
GOPR0475_frame_000116_rgb_anon.png,fog,lowcontrast,sobel_p75,0.8927
GOPR0475_frame_000116_rgb_anon.png,fog,lowcontrast,canny_proj3,0.9045
GOPR0475_frame_000116_rgb_anon.png,fog,lowcontrast,canny_proj3_preblur,0.8541
GOPR0475_frame_000122_rgb_anon.png,fog,noisy,sobel_p75,0.2369
GOPR0475_frame_000122_rgb_anon.png,fog,noisy,canny_proj3,0.1031
GOPR0475_frame_000122_rgb_anon.png,fog,noisy,canny_proj3_preblur,0.2994
GOPR0475_frame_000122_rgb_anon.png,fog,blurred,sobel_p75,0.4988
GOPR0475_frame_000122_rgb_anon.png,fog,blurred,canny_proj3,0.2126
GOPR0475_frame_000122_rgb_anon.png,fog,blurred,canny_proj3_preblur,0.2146
GOPR0475_frame_000122_rgb_anon.png,fog,lowcontrast,sobel_p75,0.8492
GOPR0475_frame_000122_rgb_anon.png,fog,lowcontrast,canny_proj3,0.8925
GOPR0475_frame_000122_rgb_anon.png,fog,lowcontrast,canny_proj3_preblur,0.8294
GOPR0475_frame_000128_rgb_anon.png,fog,noisy,sobel_p75,0.2204
GOPR0475_frame_000128_rgb_anon.png,fog,noisy,canny_proj3,0.0826
GOPR0475_frame_000128_rgb_anon.png,fog,noisy,canny_proj3_preblur,0.2701
GOPR0475_frame_000128_rgb_anon.png,fog,blurred,sobel_p75,0.5273
GOPR0475_frame_000128_rgb_anon.png,fog,blurred,canny_proj3,0.2162
GOPR0475_frame_000128_rgb_anon.png,fog,blurred,canny_proj3_preblur,0.2450
GOPR0475_frame_000128_rgb_anon.png,fog,lowcontrast,sobel_p75,0.8545
GOPR0475_frame_000128_rgb_anon.png,fog,lowcontrast,canny_proj3,0.8832
GOPR0475_frame_000128_rgb_anon.png,fog,lowcontrast,canny_proj3_preblur,0.8394
GOPR0475_frame_000135_rgb_anon.png,fog,noisy,sobel_p75,0.3981
GOPR0475_frame_000135_rgb_anon.png,fog,noisy,canny_proj3,0.2616
GOPR0475_frame_000135_rgb_anon.png,fog,noisy,canny_proj3_preblur,0.4315
GOPR0475_frame_000135_rgb_anon.png,fog,blurred,sobel_p75,0.5457
GOPR0475_frame_000135_rgb_anon.png,fog,blurred,canny_proj3,0.1844
GOPR0475_frame_000135_rgb_anon.png,fog,blurred,canny_proj3_preblur,0.1835
GOPR0475_frame_000135_rgb_anon.png,fog,lowcontrast,sobel_p75,0.9530
GOPR0475_frame_000135_rgb_anon.png,fog,lowcontrast,canny_proj3,0.9314
GOPR0475_frame_000135_rgb_anon.png,fog,lowcontrast,canny_proj3_preblur,0.8864
GOPR0475_frame_000148_rgb_anon.png,fog,noisy,sobel_p75,0.2617
GOPR0475_frame_000148_rgb_anon.png,fog,noisy,canny_proj3,0.1130
GOPR0475_frame_000148_rgb_anon.png,fog,noisy,canny_proj3_preblur,0.2266
GOPR0475_frame_000148_rgb_anon.png,fog,blurred,sobel_p75,0.5450
GOPR0475_frame_000148_rgb_anon.png,fog,blurred,canny_proj3,0.1894
GOPR0475_frame_000148_rgb_anon.png,fog,blurred,canny_proj3_preblur,0.1984
GOPR0475_frame_000148_rgb_anon.png,fog,lowcontrast,sobel_p75,0.9002
GOPR0475_frame_000148_rgb_anon.png,fog,lowcontrast,canny_proj3,0.9001
GOPR0475_frame_000148_rgb_anon.png,fog,lowcontrast,canny_proj3_preblur,0.8433
GOPR0475_frame_000154_rgb_anon.png,fog,noisy,sobel_p75,0.2811
GOPR0475_frame_000154_rgb_anon.png,fog,noisy,canny_proj3,0.1395
GOPR0475_frame_000154_rgb_anon.png,fog,noisy,canny_proj3_preblur,0.2938
GOPR0475_frame_000154_rgb_anon.png,fog,blurred,sobel_p75,0.5389
GOPR0475_frame_000154_rgb_anon.png,fog,blurred,canny_proj3,0.1553
GOPR0475_frame_000154_rgb_anon.png,fog,blurred,canny_proj3_preblur,0.1728
GOPR0475_frame_000154_rgb_anon.png,fog,lowcontrast,sobel_p75,0.8983
GOPR0475_frame_000154_rgb_anon.png,fog,lowcontrast,canny_proj3,0.9128
GOPR0475_frame_000154_rgb_anon.png,fog,lowcontrast,canny_proj3_preblur,0.8470
GOPR0475_frame_000161_rgb_anon.png,fog,noisy,sobel_p75,0.2370
GOPR0475_frame_000161_rgb_anon.png,fog,noisy,canny_proj3,0.0931
GOPR0475_frame_000161_rgb_anon.png,fog,noisy,canny_proj3_preblur,0.2416
GOPR0475_frame_000161_rgb_anon.png,fog,blurred,sobel_p75,0.5364
GOPR0475_frame_000161_rgb_anon.png,fog,blurred,canny_proj3,0.2450
GOPR0475_frame_000161_rgb_anon.png,fog,blurred,canny_proj3_preblur,0.2641
GOPR0475_frame_000161_rgb_anon.png,fog,lowcontrast,sobel_p75,0.8522
GOPR0475_frame_000161_rgb_anon.png,fog,lowcontrast,canny_proj3,0.8951
GOPR0475_frame_000161_rgb_anon.png,fog,lowcontrast,canny_proj3_preblur,0.8310
GOPR0475_frame_000168_rgb_anon.png,fog,noisy,sobel_p75,0.2408
GOPR0475_frame_000168_rgb_anon.png,fog,noisy,canny_proj3,0.1347
GOPR0475_frame_000168_rgb_anon.png,fog,noisy,canny_proj3_preblur,0.3246
GOPR0475_frame_000168_rgb_anon.png,fog,blurred,sobel_p75,0.4925
GOPR0475_frame_000168_rgb_anon.png,fog,blurred,canny_proj3,0.1511
GOPR0475_frame_000168_rgb_anon.png,fog,blurred,canny_proj3_preblur,0.1686
GOPR0475_frame_000168_rgb_anon.png,fog,lowcontrast,sobel_p75,0.8663
GOPR0475_frame_000168_rgb_anon.png,fog,lowcontrast,canny_proj3,0.9058
GOPR0475_frame_000168_rgb_anon.png,fog,lowcontrast,canny_proj3_preblur,0.8523
GOPR0475_frame_000174_rgb_anon.png,fog,noisy,sobel_p75,0.2078
GOPR0475_frame_000174_rgb_anon.png,fog,noisy,canny_proj3,0.0644
GOPR0475_frame_000174_rgb_anon.png,fog,noisy,canny_proj3_preblur,0.2836
GOPR0475_frame_000174_rgb_anon.png,fog,blurred,sobel_p75,0.4268
GOPR0475_frame_000174_rgb_anon.png,fog,blurred,canny_proj3,0.1667
GOPR0475_frame_000174_rgb_anon.png,fog,blurred,canny_proj3_preblur,0.1766
GOPR0475_frame_000174_rgb_anon.png,fog,lowcontrast,sobel_p75,0.7283
GOPR0475_frame_000174_rgb_anon.png,fog,lowcontrast,canny_proj3,0.8943
GOPR0475_frame_000174_rgb_anon.png,fog,lowcontrast,canny_proj3_preblur,0.8467
GOPR0475_frame_000180_rgb_anon.png,fog,noisy,sobel_p75,0.2351
GOPR0475_frame_000180_rgb_anon.png,fog,noisy,canny_proj3,0.0896
GOPR0475_frame_000180_rgb_anon.png,fog,noisy,canny_proj3_preblur,0.1875
GOPR0475_frame_000180_rgb_anon.png,fog,blurred,sobel_p75,0.5306
GOPR0475_frame_000180_rgb_anon.png,fog,blurred,canny_proj3,0.1764
GOPR0475_frame_000180_rgb_anon.png,fog,blurred,canny_proj3_preblur,0.1810
GOPR0475_frame_000180_rgb_anon.png,fog,lowcontrast,sobel_p75,0.8672
GOPR0475_frame_000180_rgb_anon.png,fog,lowcontrast,canny_proj3,0.8912
GOPR0475_frame_000180_rgb_anon.png,fog,lowcontrast,canny_proj3_preblur,0.8168
GOPR0475_frame_000185_rgb_anon.png,fog,noisy,sobel_p75,0.2276
GOPR0475_frame_000185_rgb_anon.png,fog,noisy,canny_proj3,0.1109
GOPR0475_frame_000185_rgb_anon.png,fog,noisy,canny_proj3_preblur,0.2382
GOPR0475_frame_000185_rgb_anon.png,fog,blurred,sobel_p75,0.4817
GOPR0475_frame_000185_rgb_anon.png,fog,blurred,canny_proj3,0.1861
GOPR0475_frame_000185_rgb_anon.png,fog,blurred,canny_proj3_preblur,0.2080
GOPR0475_frame_000185_rgb_anon.png,fog,lowcontrast,sobel_p75,0.7838
GOPR0475_frame_000185_rgb_anon.png,fog,lowcontrast,canny_proj3,0.9112
GOPR0475_frame_000185_rgb_anon.png,fog,lowcontrast,canny_proj3_preblur,0.8338
GOPR0475_frame_000191_rgb_anon.png,fog,noisy,sobel_p75,0.2110
GOPR0475_frame_000191_rgb_anon.png,fog,noisy,canny_proj3,0.0509
GOPR0475_frame_000191_rgb_anon.png,fog,noisy,canny_proj3_preblur,0.1770
GOPR0475_frame_000191_rgb_anon.png,fog,blurred,sobel_p75,0.4600
GOPR0475_frame_000191_rgb_anon.png,fog,blurred,canny_proj3,0.1700
GOPR0475_frame_000191_rgb_anon.png,fog,blurred,canny_proj3_preblur,0.1864
GOPR0475_frame_000191_rgb_anon.png,fog,lowcontrast,sobel_p75,0.8115
GOPR0475_frame_000191_rgb_anon.png,fog,lowcontrast,canny_proj3,0.8606
GOPR0475_frame_000191_rgb_anon.png,fog,lowcontrast,canny_proj3_preblur,0.7927
GOPR0475_frame_000197_rgb_anon.png,fog,noisy,sobel_p75,0.2130
GOPR0475_frame_000197_rgb_anon.png,fog,noisy,canny_proj3,0.1481
GOPR0475_frame_000197_rgb_anon.png,fog,noisy,canny_proj3_preblur,0.2882
GOPR0475_frame_000197_rgb_anon.png,fog,blurred,sobel_p75,0.4694
GOPR0475_frame_000197_rgb_anon.png,fog,blurred,canny_proj3,0.1430
GOPR0475_frame_000197_rgb_anon.png,fog,blurred,canny_proj3_preblur,0.1619
GOPR0475_frame_000197_rgb_anon.png,fog,lowcontrast,sobel_p75,0.8059
GOPR0475_frame_000197_rgb_anon.png,fog,lowcontrast,canny_proj3,0.9142
GOPR0475_frame_000197_rgb_anon.png,fog,lowcontrast,canny_proj3_preblur,0.8618
GOPR0475_frame_000203_rgb_anon.png,fog,noisy,sobel_p75,0.2154
GOPR0475_frame_000203_rgb_anon.png,fog,noisy,canny_proj3,0.0702
GOPR0475_frame_000203_rgb_anon.png,fog,noisy,canny_proj3_preblur,0.2416
GOPR0475_frame_000203_rgb_anon.png,fog,blurred,sobel_p75,0.4779
GOPR0475_frame_000203_rgb_anon.png,fog,blurred,canny_proj3,0.2166
GOPR0475_frame_000203_rgb_anon.png,fog,blurred,canny_proj3_preblur,0.2170
GOPR0475_frame_000203_rgb_anon.png,fog,lowcontrast,sobel_p75,0.8084
GOPR0475_frame_000203_rgb_anon.png,fog,lowcontrast,canny_proj3,0.8955
GOPR0475_frame_000203_rgb_anon.png,fog,lowcontrast,canny_proj3_preblur,0.8330
GOPR0475_frame_000209_rgb_anon.png,fog,noisy,sobel_p75,0.1900
GOPR0475_frame_000209_rgb_anon.png,fog,noisy,canny_proj3,0.0388
GOPR0475_frame_000209_rgb_anon.png,fog,noisy,canny_proj3_preblur,0.1180
GOPR0475_frame_000209_rgb_anon.png,fog,blurred,sobel_p75,0.4337
GOPR0475_frame_000209_rgb_anon.png,fog,blurred,canny_proj3,0.1803
GOPR0475_frame_000209_rgb_anon.png,fog,blurred,canny_proj3_preblur,0.2133
GOPR0475_frame_000209_rgb_anon.png,fog,lowcontrast,sobel_p75,0.7804
GOPR0475_frame_000209_rgb_anon.png,fog,lowcontrast,canny_proj3,0.8865
GOPR0475_frame_000209_rgb_anon.png,fog,lowcontrast,canny_proj3_preblur,0.8314
GOPR0475_frame_000215_rgb_anon.png,fog,noisy,sobel_p75,0.2196
GOPR0475_frame_000215_rgb_anon.png,fog,noisy,canny_proj3,0.0845
GOPR0475_frame_000215_rgb_anon.png,fog,noisy,canny_proj3_preblur,0.2762
GOPR0475_frame_000215_rgb_anon.png,fog,blurred,sobel_p75,0.4633
GOPR0475_frame_000215_rgb_anon.png,fog,blurred,canny_proj3,0.2348
GOPR0475_frame_000215_rgb_anon.png,fog,blurred,canny_proj3_preblur,0.2551
GOPR0475_frame_000215_rgb_anon.png,fog,lowcontrast,sobel_p75,0.7721
GOPR0475_frame_000215_rgb_anon.png,fog,lowcontrast,canny_proj3,0.9229
GOPR0475_frame_000215_rgb_anon.png,fog,lowcontrast,canny_proj3_preblur,0.8718
GOPR0475_frame_000235_rgb_anon.png,fog,noisy,sobel_p75,0.2721
GOPR0475_frame_000235_rgb_anon.png,fog,noisy,canny_proj3,0.2198
GOPR0475_frame_000235_rgb_anon.png,fog,noisy,canny_proj3_preblur,0.4499
GOPR0475_frame_000235_rgb_anon.png,fog,blurred,sobel_p75,0.5480
GOPR0475_frame_000235_rgb_anon.png,fog,blurred,canny_proj3,0.2924
GOPR0475_frame_000235_rgb_anon.png,fog,blurred,canny_proj3_preblur,0.3106
GOPR0475_frame_000235_rgb_anon.png,fog,lowcontrast,sobel_p75,0.8811
GOPR0475_frame_000235_rgb_anon.png,fog,lowcontrast,canny_proj3,0.9362
GOPR0475_frame_000235_rgb_anon.png,fog,lowcontrast,canny_proj3_preblur,0.8946
GOPR0351_frame_000159_rgb_anon.png,night,noisy,sobel_p75,0.2307
GOPR0351_frame_000159_rgb_anon.png,night,noisy,canny_proj3,0.0862
GOPR0351_frame_000159_rgb_anon.png,night,noisy,canny_proj3_preblur,0.3238
GOPR0351_frame_000159_rgb_anon.png,night,blurred,sobel_p75,0.4385
GOPR0351_frame_000159_rgb_anon.png,night,blurred,canny_proj3,0.2492
GOPR0351_frame_000159_rgb_anon.png,night,blurred,canny_proj3_preblur,0.2562
GOPR0351_frame_000159_rgb_anon.png,night,lowcontrast,sobel_p75,0.6691
GOPR0351_frame_000159_rgb_anon.png,night,lowcontrast,canny_proj3,0.8738
GOPR0351_frame_000159_rgb_anon.png,night,lowcontrast,canny_proj3_preblur,0.8528
GOPR0351_frame_000161_rgb_anon.png,night,noisy,sobel_p75,0.2749
GOPR0351_frame_000161_rgb_anon.png,night,noisy,canny_proj3,0.1724
GOPR0351_frame_000161_rgb_anon.png,night,noisy,canny_proj3_preblur,0.3991
GOPR0351_frame_000161_rgb_anon.png,night,blurred,sobel_p75,0.4431
GOPR0351_frame_000161_rgb_anon.png,night,blurred,canny_proj3,0.1603
GOPR0351_frame_000161_rgb_anon.png,night,blurred,canny_proj3_preblur,0.1737
GOPR0351_frame_000161_rgb_anon.png,night,lowcontrast,sobel_p75,0.5890
GOPR0351_frame_000161_rgb_anon.png,night,lowcontrast,canny_proj3,0.9309
GOPR0351_frame_000161_rgb_anon.png,night,lowcontrast,canny_proj3_preblur,0.8817
GOPR0351_frame_000165_rgb_anon.png,night,noisy,sobel_p75,0.2617
GOPR0351_frame_000165_rgb_anon.png,night,noisy,canny_proj3,0.1185
GOPR0351_frame_000165_rgb_anon.png,night,noisy,canny_proj3_preblur,0.3658
GOPR0351_frame_000165_rgb_anon.png,night,blurred,sobel_p75,0.4859
GOPR0351_frame_000165_rgb_anon.png,night,blurred,canny_proj3,0.1764
GOPR0351_frame_000165_rgb_anon.png,night,blurred,canny_proj3_preblur,0.1912
GOPR0351_frame_000165_rgb_anon.png,night,lowcontrast,sobel_p75,0.7121
GOPR0351_frame_000165_rgb_anon.png,night,lowcontrast,canny_proj3,0.9057
GOPR0351_frame_000165_rgb_anon.png,night,lowcontrast,canny_proj3_preblur,0.8613
GOPR0351_frame_000167_rgb_anon.png,night,noisy,sobel_p75,0.2720
GOPR0351_frame_000167_rgb_anon.png,night,noisy,canny_proj3,0.0973
GOPR0351_frame_000167_rgb_anon.png,night,noisy,canny_proj3_preblur,0.3051
GOPR0351_frame_000167_rgb_anon.png,night,blurred,sobel_p75,0.4491
GOPR0351_frame_000167_rgb_anon.png,night,blurred,canny_proj3,0.2172
GOPR0351_frame_000167_rgb_anon.png,night,blurred,canny_proj3_preblur,0.2239
GOPR0351_frame_000167_rgb_anon.png,night,lowcontrast,sobel_p75,0.6480
GOPR0351_frame_000167_rgb_anon.png,night,lowcontrast,canny_proj3,0.8982
GOPR0351_frame_000167_rgb_anon.png,night,lowcontrast,canny_proj3_preblur,0.8382
GOPR0351_frame_000169_rgb_anon.png,night,noisy,sobel_p75,0.2311
GOPR0351_frame_000169_rgb_anon.png,night,noisy,canny_proj3,0.1030
GOPR0351_frame_000169_rgb_anon.png,night,noisy,canny_proj3_preblur,0.2546
GOPR0351_frame_000169_rgb_anon.png,night,blurred,sobel_p75,0.4279
GOPR0351_frame_000169_rgb_anon.png,night,blurred,canny_proj3,0.2406
GOPR0351_frame_000169_rgb_anon.png,night,blurred,canny_proj3_preblur,0.2478
GOPR0351_frame_000169_rgb_anon.png,night,lowcontrast,sobel_p75,0.7802
GOPR0351_frame_000169_rgb_anon.png,night,lowcontrast,canny_proj3,0.9057
GOPR0351_frame_000169_rgb_anon.png,night,lowcontrast,canny_proj3_preblur,0.8447
GOPR0351_frame_000173_rgb_anon.png,night,noisy,sobel_p75,0.2405
GOPR0351_frame_000173_rgb_anon.png,night,noisy,canny_proj3,0.1218
GOPR0351_frame_000173_rgb_anon.png,night,noisy,canny_proj3_preblur,0.3448
GOPR0351_frame_000173_rgb_anon.png,night,blurred,sobel_p75,0.4282
GOPR0351_frame_000173_rgb_anon.png,night,blurred,canny_proj3,0.1907
GOPR0351_frame_000173_rgb_anon.png,night,blurred,canny_proj3_preblur,0.1955
GOPR0351_frame_000173_rgb_anon.png,night,lowcontrast,sobel_p75,0.6985
GOPR0351_frame_000173_rgb_anon.png,night,lowcontrast,canny_proj3,0.9125
GOPR0351_frame_000173_rgb_anon.png,night,lowcontrast,canny_proj3_preblur,0.8428
GOPR0351_frame_000177_rgb_anon.png,night,noisy,sobel_p75,0.2308
GOPR0351_frame_000177_rgb_anon.png,night,noisy,canny_proj3,0.0655
GOPR0351_frame_000177_rgb_anon.png,night,noisy,canny_proj3_preblur,0.2630
GOPR0351_frame_000177_rgb_anon.png,night,blurred,sobel_p75,0.4477
GOPR0351_frame_000177_rgb_anon.png,night,blurred,canny_proj3,0.2347
GOPR0351_frame_000177_rgb_anon.png,night,blurred,canny_proj3_preblur,0.2459
GOPR0351_frame_000177_rgb_anon.png,night,lowcontrast,sobel_p75,0.7151
GOPR0351_frame_000177_rgb_anon.png,night,lowcontrast,canny_proj3,0.8975
GOPR0351_frame_000177_rgb_anon.png,night,lowcontrast,canny_proj3_preblur,0.8322
GOPR0351_frame_000179_rgb_anon.png,night,noisy,sobel_p75,0.2334
GOPR0351_frame_000179_rgb_anon.png,night,noisy,canny_proj3,0.1326
GOPR0351_frame_000179_rgb_anon.png,night,noisy,canny_proj3_preblur,0.3064
GOPR0351_frame_000179_rgb_anon.png,night,blurred,sobel_p75,0.4730
GOPR0351_frame_000179_rgb_anon.png,night,blurred,canny_proj3,0.2165
GOPR0351_frame_000179_rgb_anon.png,night,blurred,canny_proj3_preblur,0.2237
GOPR0351_frame_000179_rgb_anon.png,night,lowcontrast,sobel_p75,0.6403
GOPR0351_frame_000179_rgb_anon.png,night,lowcontrast,canny_proj3,0.9016
GOPR0351_frame_000179_rgb_anon.png,night,lowcontrast,canny_proj3_preblur,0.8472
GOPR0351_frame_000181_rgb_anon.png,night,noisy,sobel_p75,0.2308
GOPR0351_frame_000181_rgb_anon.png,night,noisy,canny_proj3,0.1434
GOPR0351_frame_000181_rgb_anon.png,night,noisy,canny_proj3_preblur,0.3041
GOPR0351_frame_000181_rgb_anon.png,night,blurred,sobel_p75,0.4911
GOPR0351_frame_000181_rgb_anon.png,night,blurred,canny_proj3,0.2207
GOPR0351_frame_000181_rgb_anon.png,night,blurred,canny_proj3_preblur,0.2388
GOPR0351_frame_000181_rgb_anon.png,night,lowcontrast,sobel_p75,0.7827
GOPR0351_frame_000181_rgb_anon.png,night,lowcontrast,canny_proj3,0.8929
GOPR0351_frame_000181_rgb_anon.png,night,lowcontrast,canny_proj3_preblur,0.8411
GOPR0351_frame_000183_rgb_anon.png,night,noisy,sobel_p75,0.2406
GOPR0351_frame_000183_rgb_anon.png,night,noisy,canny_proj3,0.1167
GOPR0351_frame_000183_rgb_anon.png,night,noisy,canny_proj3_preblur,0.3295
GOPR0351_frame_000183_rgb_anon.png,night,blurred,sobel_p75,0.4987
GOPR0351_frame_000183_rgb_anon.png,night,blurred,canny_proj3,0.3111
GOPR0351_frame_000183_rgb_anon.png,night,blurred,canny_proj3_preblur,0.3252
GOPR0351_frame_000183_rgb_anon.png,night,lowcontrast,sobel_p75,0.7254
GOPR0351_frame_000183_rgb_anon.png,night,lowcontrast,canny_proj3,0.9082
GOPR0351_frame_000183_rgb_anon.png,night,lowcontrast,canny_proj3_preblur,0.8606
GOPR0351_frame_000185_rgb_anon.png,night,noisy,sobel_p75,0.2451
GOPR0351_frame_000185_rgb_anon.png,night,noisy,canny_proj3,0.1122
GOPR0351_frame_000185_rgb_anon.png,night,noisy,canny_proj3_preblur,0.3094
GOPR0351_frame_000185_rgb_anon.png,night,blurred,sobel_p75,0.4783
GOPR0351_frame_000185_rgb_anon.png,night,blurred,canny_proj3,0.1974
GOPR0351_frame_000185_rgb_anon.png,night,blurred,canny_proj3_preblur,0.2203
GOPR0351_frame_000185_rgb_anon.png,night,lowcontrast,sobel_p75,0.7293
GOPR0351_frame_000185_rgb_anon.png,night,lowcontrast,canny_proj3,0.9032
GOPR0351_frame_000185_rgb_anon.png,night,lowcontrast,canny_proj3_preblur,0.8503
GOPR0351_frame_000187_rgb_anon.png,night,noisy,sobel_p75,0.2331
GOPR0351_frame_000187_rgb_anon.png,night,noisy,canny_proj3,0.0930
GOPR0351_frame_000187_rgb_anon.png,night,noisy,canny_proj3_preblur,0.2956
GOPR0351_frame_000187_rgb_anon.png,night,blurred,sobel_p75,0.4414
GOPR0351_frame_000187_rgb_anon.png,night,blurred,canny_proj3,0.1881
GOPR0351_frame_000187_rgb_anon.png,night,blurred,canny_proj3_preblur,0.2065
GOPR0351_frame_000187_rgb_anon.png,night,lowcontrast,sobel_p75,0.7817
GOPR0351_frame_000187_rgb_anon.png,night,lowcontrast,canny_proj3,0.8723
GOPR0351_frame_000187_rgb_anon.png,night,lowcontrast,canny_proj3_preblur,0.8250
GOPR0351_frame_000191_rgb_anon.png,night,noisy,sobel_p75,0.2388
GOPR0351_frame_000191_rgb_anon.png,night,noisy,canny_proj3,0.0599
GOPR0351_frame_000191_rgb_anon.png,night,noisy,canny_proj3_preblur,0.2946
GOPR0351_frame_000191_rgb_anon.png,night,blurred,sobel_p75,0.4854
GOPR0351_frame_000191_rgb_anon.png,night,blurred,canny_proj3,0.2397
GOPR0351_frame_000191_rgb_anon.png,night,blurred,canny_proj3_preblur,0.2823
GOPR0351_frame_000191_rgb_anon.png,night,lowcontrast,sobel_p75,0.6668
GOPR0351_frame_000191_rgb_anon.png,night,lowcontrast,canny_proj3,0.8788
GOPR0351_frame_000191_rgb_anon.png,night,lowcontrast,canny_proj3_preblur,0.8266
GOPR0351_frame_000195_rgb_anon.png,night,noisy,sobel_p75,0.2215
GOPR0351_frame_000195_rgb_anon.png,night,noisy,canny_proj3,0.1521
GOPR0351_frame_000195_rgb_anon.png,night,noisy,canny_proj3_preblur,0.3573
GOPR0351_frame_000195_rgb_anon.png,night,blurred,sobel_p75,0.4619
GOPR0351_frame_000195_rgb_anon.png,night,blurred,canny_proj3,0.3619
GOPR0351_frame_000195_rgb_anon.png,night,blurred,canny_proj3_preblur,0.3769
GOPR0351_frame_000195_rgb_anon.png,night,lowcontrast,sobel_p75,0.7713
GOPR0351_frame_000195_rgb_anon.png,night,lowcontrast,canny_proj3,0.9087
GOPR0351_frame_000195_rgb_anon.png,night,lowcontrast,canny_proj3_preblur,0.8512
GOPR0351_frame_000198_rgb_anon.png,night,noisy,sobel_p75,0.2020
GOPR0351_frame_000198_rgb_anon.png,night,noisy,canny_proj3,0.0872
GOPR0351_frame_000198_rgb_anon.png,night,noisy,canny_proj3_preblur,0.2179
GOPR0351_frame_000198_rgb_anon.png,night,blurred,sobel_p75,0.4775
GOPR0351_frame_000198_rgb_anon.png,night,blurred,canny_proj3,0.2748
GOPR0351_frame_000198_rgb_anon.png,night,blurred,canny_proj3_preblur,0.3003
GOPR0351_frame_000198_rgb_anon.png,night,lowcontrast,sobel_p75,0.7470
GOPR0351_frame_000198_rgb_anon.png,night,lowcontrast,canny_proj3,0.8795
GOPR0351_frame_000198_rgb_anon.png,night,lowcontrast,canny_proj3_preblur,0.8122
GOPR0351_frame_000200_rgb_anon.png,night,noisy,sobel_p75,0.2286
GOPR0351_frame_000200_rgb_anon.png,night,noisy,canny_proj3,0.0760
GOPR0351_frame_000200_rgb_anon.png,night,noisy,canny_proj3_preblur,0.2871
GOPR0351_frame_000200_rgb_anon.png,night,blurred,sobel_p75,0.4631
GOPR0351_frame_000200_rgb_anon.png,night,blurred,canny_proj3,0.2098
GOPR0351_frame_000200_rgb_anon.png,night,blurred,canny_proj3_preblur,0.2385
GOPR0351_frame_000200_rgb_anon.png,night,lowcontrast,sobel_p75,0.7438
GOPR0351_frame_000200_rgb_anon.png,night,lowcontrast,canny_proj3,0.8856
GOPR0351_frame_000200_rgb_anon.png,night,lowcontrast,canny_proj3_preblur,0.8480
GOPR0351_frame_000202_rgb_anon.png,night,noisy,sobel_p75,0.2349
GOPR0351_frame_000202_rgb_anon.png,night,noisy,canny_proj3,0.0557
GOPR0351_frame_000202_rgb_anon.png,night,noisy,canny_proj3_preblur,0.2120
GOPR0351_frame_000202_rgb_anon.png,night,blurred,sobel_p75,0.4490
GOPR0351_frame_000202_rgb_anon.png,night,blurred,canny_proj3,0.1676
GOPR0351_frame_000202_rgb_anon.png,night,blurred,canny_proj3_preblur,0.1945
GOPR0351_frame_000202_rgb_anon.png,night,lowcontrast,sobel_p75,0.6435
GOPR0351_frame_000202_rgb_anon.png,night,lowcontrast,canny_proj3,0.9030
GOPR0351_frame_000202_rgb_anon.png,night,lowcontrast,canny_proj3_preblur,0.8249
GOPR0351_frame_000204_rgb_anon.png,night,noisy,sobel_p75,0.2313
GOPR0351_frame_000204_rgb_anon.png,night,noisy,canny_proj3,0.1416
GOPR0351_frame_000204_rgb_anon.png,night,noisy,canny_proj3_preblur,0.3673
GOPR0351_frame_000204_rgb_anon.png,night,blurred,sobel_p75,0.4566
GOPR0351_frame_000204_rgb_anon.png,night,blurred,canny_proj3,0.1877
GOPR0351_frame_000204_rgb_anon.png,night,blurred,canny_proj3_preblur,0.2060
GOPR0351_frame_000204_rgb_anon.png,night,lowcontrast,sobel_p75,0.7825
GOPR0351_frame_000204_rgb_anon.png,night,lowcontrast,canny_proj3,0.9097
GOPR0351_frame_000204_rgb_anon.png,night,lowcontrast,canny_proj3_preblur,0.8493
GOPR0351_frame_000214_rgb_anon.png,night,noisy,sobel_p75,0.2400
GOPR0351_frame_000214_rgb_anon.png,night,noisy,canny_proj3,0.0856
GOPR0351_frame_000214_rgb_anon.png,night,noisy,canny_proj3_preblur,0.2997
GOPR0351_frame_000214_rgb_anon.png,night,blurred,sobel_p75,0.4551
GOPR0351_frame_000214_rgb_anon.png,night,blurred,canny_proj3,0.1425
GOPR0351_frame_000214_rgb_anon.png,night,blurred,canny_proj3_preblur,0.1542
GOPR0351_frame_000214_rgb_anon.png,night,lowcontrast,sobel_p75,0.6778
GOPR0351_frame_000214_rgb_anon.png,night,lowcontrast,canny_proj3,0.8892
GOPR0351_frame_000214_rgb_anon.png,night,lowcontrast,canny_proj3_preblur,0.8222
GOPR0351_frame_000216_rgb_anon.png,night,noisy,sobel_p75,0.2373
GOPR0351_frame_000216_rgb_anon.png,night,noisy,canny_proj3,0.1289
GOPR0351_frame_000216_rgb_anon.png,night,noisy,canny_proj3_preblur,0.3488
GOPR0351_frame_000216_rgb_anon.png,night,blurred,sobel_p75,0.4464
GOPR0351_frame_000216_rgb_anon.png,night,blurred,canny_proj3,0.1925
GOPR0351_frame_000216_rgb_anon.png,night,blurred,canny_proj3_preblur,0.2326
GOPR0351_frame_000216_rgb_anon.png,night,lowcontrast,sobel_p75,0.7779
GOPR0351_frame_000216_rgb_anon.png,night,lowcontrast,canny_proj3,0.9201
GOPR0351_frame_000216_rgb_anon.png,night,lowcontrast,canny_proj3_preblur,0.8516
GOPR0400_frame_000216_rgb_anon.png,rain,noisy,sobel_p75,0.3678
GOPR0400_frame_000216_rgb_anon.png,rain,noisy,canny_proj3,0.2930
GOPR0400_frame_000216_rgb_anon.png,rain,noisy,canny_proj3_preblur,0.4922
GOPR0400_frame_000216_rgb_anon.png,rain,blurred,sobel_p75,0.6161
GOPR0400_frame_000216_rgb_anon.png,rain,blurred,canny_proj3,0.1734
GOPR0400_frame_000216_rgb_anon.png,rain,blurred,canny_proj3_preblur,0.1659
GOPR0400_frame_000216_rgb_anon.png,rain,lowcontrast,sobel_p75,0.9383
GOPR0400_frame_000216_rgb_anon.png,rain,lowcontrast,canny_proj3,0.9392
GOPR0400_frame_000216_rgb_anon.png,rain,lowcontrast,canny_proj3_preblur,0.9040
GOPR0400_frame_000224_rgb_anon.png,rain,noisy,sobel_p75,0.2492
GOPR0400_frame_000224_rgb_anon.png,rain,noisy,canny_proj3,0.0919
GOPR0400_frame_000224_rgb_anon.png,rain,noisy,canny_proj3_preblur,0.1803
GOPR0400_frame_000224_rgb_anon.png,rain,blurred,sobel_p75,0.5658
GOPR0400_frame_000224_rgb_anon.png,rain,blurred,canny_proj3,0.1987
GOPR0400_frame_000224_rgb_anon.png,rain,blurred,canny_proj3_preblur,0.2036
GOPR0400_frame_000224_rgb_anon.png,rain,lowcontrast,sobel_p75,0.8845
GOPR0400_frame_000224_rgb_anon.png,rain,lowcontrast,canny_proj3,0.9009
GOPR0400_frame_000224_rgb_anon.png,rain,lowcontrast,canny_proj3_preblur,0.8259
GOPR0400_frame_000228_rgb_anon.png,rain,noisy,sobel_p75,0.2268
GOPR0400_frame_000228_rgb_anon.png,rain,noisy,canny_proj3,0.0735
GOPR0400_frame_000228_rgb_anon.png,rain,noisy,canny_proj3_preblur,0.2412
GOPR0400_frame_000228_rgb_anon.png,rain,blurred,sobel_p75,0.5958
GOPR0400_frame_000228_rgb_anon.png,rain,blurred,canny_proj3,0.2578
GOPR0400_frame_000228_rgb_anon.png,rain,blurred,canny_proj3_preblur,0.2579
GOPR0400_frame_000228_rgb_anon.png,rain,lowcontrast,sobel_p75,0.8572
GOPR0400_frame_000228_rgb_anon.png,rain,lowcontrast,canny_proj3,0.9030
GOPR0400_frame_000228_rgb_anon.png,rain,lowcontrast,canny_proj3_preblur,0.8479
GOPR0400_frame_000248_rgb_anon.png,rain,noisy,sobel_p75,0.2579
GOPR0400_frame_000248_rgb_anon.png,rain,noisy,canny_proj3,0.1224
GOPR0400_frame_000248_rgb_anon.png,rain,noisy,canny_proj3_preblur,0.2847
GOPR0400_frame_000248_rgb_anon.png,rain,blurred,sobel_p75,0.5533
GOPR0400_frame_000248_rgb_anon.png,rain,blurred,canny_proj3,0.1754
GOPR0400_frame_000248_rgb_anon.png,rain,blurred,canny_proj3_preblur,0.1681
GOPR0400_frame_000248_rgb_anon.png,rain,lowcontrast,sobel_p75,0.8751
GOPR0400_frame_000248_rgb_anon.png,rain,lowcontrast,canny_proj3,0.9129
GOPR0400_frame_000248_rgb_anon.png,rain,lowcontrast,canny_proj3_preblur,0.8530
GOPR0400_frame_000252_rgb_anon.png,rain,noisy,sobel_p75,0.2466
GOPR0400_frame_000252_rgb_anon.png,rain,noisy,canny_proj3,0.0766
GOPR0400_frame_000252_rgb_anon.png,rain,noisy,canny_proj3_preblur,0.1602
GOPR0400_frame_000252_rgb_anon.png,rain,blurred,sobel_p75,0.5716
GOPR0400_frame_000252_rgb_anon.png,rain,blurred,canny_proj3,0.2059
GOPR0400_frame_000252_rgb_anon.png,rain,blurred,canny_proj3_preblur,0.2119
GOPR0400_frame_000252_rgb_anon.png,rain,lowcontrast,sobel_p75,0.8603
GOPR0400_frame_000252_rgb_anon.png,rain,lowcontrast,canny_proj3,0.8830
GOPR0400_frame_000252_rgb_anon.png,rain,lowcontrast,canny_proj3_preblur,0.8420
GOPR0400_frame_000256_rgb_anon.png,rain,noisy,sobel_p75,0.2512
GOPR0400_frame_000256_rgb_anon.png,rain,noisy,canny_proj3,0.1265
GOPR0400_frame_000256_rgb_anon.png,rain,noisy,canny_proj3_preblur,0.2806
GOPR0400_frame_000256_rgb_anon.png,rain,blurred,sobel_p75,0.5823
GOPR0400_frame_000256_rgb_anon.png,rain,blurred,canny_proj3,0.2106
GOPR0400_frame_000256_rgb_anon.png,rain,blurred,canny_proj3_preblur,0.2020
GOPR0400_frame_000256_rgb_anon.png,rain,lowcontrast,sobel_p75,0.8617
GOPR0400_frame_000256_rgb_anon.png,rain,lowcontrast,canny_proj3,0.8970
GOPR0400_frame_000256_rgb_anon.png,rain,lowcontrast,canny_proj3_preblur,0.8446
GOPR0400_frame_000261_rgb_anon.png,rain,noisy,sobel_p75,0.2345
GOPR0400_frame_000261_rgb_anon.png,rain,noisy,canny_proj3,0.0819
GOPR0400_frame_000261_rgb_anon.png,rain,noisy,canny_proj3_preblur,0.1855
GOPR0400_frame_000261_rgb_anon.png,rain,blurred,sobel_p75,0.5403
GOPR0400_frame_000261_rgb_anon.png,rain,blurred,canny_proj3,0.1972
GOPR0400_frame_000261_rgb_anon.png,rain,blurred,canny_proj3_preblur,0.2079
GOPR0400_frame_000261_rgb_anon.png,rain,lowcontrast,sobel_p75,0.8794
GOPR0400_frame_000261_rgb_anon.png,rain,lowcontrast,canny_proj3,0.8721
GOPR0400_frame_000261_rgb_anon.png,rain,lowcontrast,canny_proj3_preblur,0.8002
GOPR0400_frame_000266_rgb_anon.png,rain,noisy,sobel_p75,0.2143
GOPR0400_frame_000266_rgb_anon.png,rain,noisy,canny_proj3,0.0569
GOPR0400_frame_000266_rgb_anon.png,rain,noisy,canny_proj3_preblur,0.1701
GOPR0400_frame_000266_rgb_anon.png,rain,blurred,sobel_p75,0.5865
GOPR0400_frame_000266_rgb_anon.png,rain,blurred,canny_proj3,0.1978
GOPR0400_frame_000266_rgb_anon.png,rain,blurred,canny_proj3_preblur,0.1939
GOPR0400_frame_000266_rgb_anon.png,rain,lowcontrast,sobel_p75,0.8417
GOPR0400_frame_000266_rgb_anon.png,rain,lowcontrast,canny_proj3,0.8851
GOPR0400_frame_000266_rgb_anon.png,rain,lowcontrast,canny_proj3_preblur,0.8298
GOPR0400_frame_000272_rgb_anon.png,rain,noisy,sobel_p75,0.2624
GOPR0400_frame_000272_rgb_anon.png,rain,noisy,canny_proj3,0.0967
GOPR0400_frame_000272_rgb_anon.png,rain,noisy,canny_proj3_preblur,0.2037
GOPR0400_frame_000272_rgb_anon.png,rain,blurred,sobel_p75,0.5923
GOPR0400_frame_000272_rgb_anon.png,rain,blurred,canny_proj3,0.3024
GOPR0400_frame_000272_rgb_anon.png,rain,blurred,canny_proj3_preblur,0.3010
GOPR0400_frame_000272_rgb_anon.png,rain,lowcontrast,sobel_p75,0.9089
GOPR0400_frame_000272_rgb_anon.png,rain,lowcontrast,canny_proj3,0.8879
GOPR0400_frame_000272_rgb_anon.png,rain,lowcontrast,canny_proj3_preblur,0.8330
GOPR0400_frame_000280_rgb_anon.png,rain,noisy,sobel_p75,0.3601
GOPR0400_frame_000280_rgb_anon.png,rain,noisy,canny_proj3,0.2083
GOPR0400_frame_000280_rgb_anon.png,rain,noisy,canny_proj3_preblur,0.4111
GOPR0400_frame_000280_rgb_anon.png,rain,blurred,sobel_p75,0.5780
GOPR0400_frame_000280_rgb_anon.png,rain,blurred,canny_proj3,0.1749
GOPR0400_frame_000280_rgb_anon.png,rain,blurred,canny_proj3_preblur,0.1710
GOPR0400_frame_000280_rgb_anon.png,rain,lowcontrast,sobel_p75,0.9494
GOPR0400_frame_000280_rgb_anon.png,rain,lowcontrast,canny_proj3,0.9199
GOPR0400_frame_000280_rgb_anon.png,rain,lowcontrast,canny_proj3_preblur,0.8766
GOPR0400_frame_000298_rgb_anon.png,rain,noisy,sobel_p75,0.2623
GOPR0400_frame_000298_rgb_anon.png,rain,noisy,canny_proj3,0.1520
GOPR0400_frame_000298_rgb_anon.png,rain,noisy,canny_proj3_preblur,0.2989
GOPR0400_frame_000298_rgb_anon.png,rain,blurred,sobel_p75,0.5277
GOPR0400_frame_000298_rgb_anon.png,rain,blurred,canny_proj3,0.1500
GOPR0400_frame_000298_rgb_anon.png,rain,blurred,canny_proj3_preblur,0.1385
GOPR0400_frame_000298_rgb_anon.png,rain,lowcontrast,sobel_p75,0.8702
GOPR0400_frame_000298_rgb_anon.png,rain,lowcontrast,canny_proj3,0.9119
GOPR0400_frame_000298_rgb_anon.png,rain,lowcontrast,canny_proj3_preblur,0.8447
GOPR0400_frame_000328_rgb_anon.png,rain,noisy,sobel_p75,0.3499
GOPR0400_frame_000328_rgb_anon.png,rain,noisy,canny_proj3,0.2263
GOPR0400_frame_000328_rgb_anon.png,rain,noisy,canny_proj3_preblur,0.3937
GOPR0400_frame_000328_rgb_anon.png,rain,blurred,sobel_p75,0.5831
GOPR0400_frame_000328_rgb_anon.png,rain,blurred,canny_proj3,0.3244
GOPR0400_frame_000328_rgb_anon.png,rain,blurred,canny_proj3_preblur,0.3038
GOPR0400_frame_000328_rgb_anon.png,rain,lowcontrast,sobel_p75,0.9378
GOPR0400_frame_000328_rgb_anon.png,rain,lowcontrast,canny_proj3,0.9174
GOPR0400_frame_000328_rgb_anon.png,rain,lowcontrast,canny_proj3_preblur,0.8713
GOPR0400_frame_000337_rgb_anon.png,rain,noisy,sobel_p75,0.3461
GOPR0400_frame_000337_rgb_anon.png,rain,noisy,canny_proj3,0.2577
GOPR0400_frame_000337_rgb_anon.png,rain,noisy,canny_proj3_preblur,0.4760
GOPR0400_frame_000337_rgb_anon.png,rain,blurred,sobel_p75,0.5828
GOPR0400_frame_000337_rgb_anon.png,rain,blurred,canny_proj3,0.1926
GOPR0400_frame_000337_rgb_anon.png,rain,blurred,canny_proj3_preblur,0.1860
GOPR0400_frame_000337_rgb_anon.png,rain,lowcontrast,sobel_p75,0.9340
GOPR0400_frame_000337_rgb_anon.png,rain,lowcontrast,canny_proj3,0.9345
GOPR0400_frame_000337_rgb_anon.png,rain,lowcontrast,canny_proj3_preblur,0.8946
GOPR0400_frame_000350_rgb_anon.png,rain,noisy,sobel_p75,0.3042
GOPR0400_frame_000350_rgb_anon.png,rain,noisy,canny_proj3,0.1815
GOPR0400_frame_000350_rgb_anon.png,rain,noisy,canny_proj3_preblur,0.3801
GOPR0400_frame_000350_rgb_anon.png,rain,blurred,sobel_p75,0.5710
GOPR0400_frame_000350_rgb_anon.png,rain,blurred,canny_proj3,0.2832
GOPR0400_frame_000350_rgb_anon.png,rain,blurred,canny_proj3_preblur,0.2871
GOPR0400_frame_000350_rgb_anon.png,rain,lowcontrast,sobel_p75,0.9246
GOPR0400_frame_000350_rgb_anon.png,rain,lowcontrast,canny_proj3,0.9190
GOPR0400_frame_000350_rgb_anon.png,rain,lowcontrast,canny_proj3_preblur,0.8803
GOPR0400_frame_000370_rgb_anon.png,rain,noisy,sobel_p75,0.3310
GOPR0400_frame_000370_rgb_anon.png,rain,noisy,canny_proj3,0.2144
GOPR0400_frame_000370_rgb_anon.png,rain,noisy,canny_proj3_preblur,0.3964
GOPR0400_frame_000370_rgb_anon.png,rain,blurred,sobel_p75,0.5732
GOPR0400_frame_000370_rgb_anon.png,rain,blurred,canny_proj3,0.2802
GOPR0400_frame_000370_rgb_anon.png,rain,blurred,canny_proj3_preblur,0.2755
GOPR0400_frame_000370_rgb_anon.png,rain,lowcontrast,sobel_p75,0.9371
GOPR0400_frame_000370_rgb_anon.png,rain,lowcontrast,canny_proj3,0.9360
GOPR0400_frame_000370_rgb_anon.png,rain,lowcontrast,canny_proj3_preblur,0.8914
GOPR0400_frame_000405_rgb_anon.png,rain,noisy,sobel_p75,0.3750
GOPR0400_frame_000405_rgb_anon.png,rain,noisy,canny_proj3,0.2135
GOPR0400_frame_000405_rgb_anon.png,rain,noisy,canny_proj3_preblur,0.3994
GOPR0400_frame_000405_rgb_anon.png,rain,blurred,sobel_p75,0.5812
GOPR0400_frame_000405_rgb_anon.png,rain,blurred,canny_proj3,0.2150
GOPR0400_frame_000405_rgb_anon.png,rain,blurred,canny_proj3_preblur,0.2063
GOPR0400_frame_000405_rgb_anon.png,rain,lowcontrast,sobel_p75,0.9471
GOPR0400_frame_000405_rgb_anon.png,rain,lowcontrast,canny_proj3,0.9296
GOPR0400_frame_000405_rgb_anon.png,rain,lowcontrast,canny_proj3_preblur,0.8699
GOPR0400_frame_000431_rgb_anon.png,rain,noisy,sobel_p75,0.3260
GOPR0400_frame_000431_rgb_anon.png,rain,noisy,canny_proj3,0.2260
GOPR0400_frame_000431_rgb_anon.png,rain,noisy,canny_proj3_preblur,0.4080
GOPR0400_frame_000431_rgb_anon.png,rain,blurred,sobel_p75,0.5047
GOPR0400_frame_000431_rgb_anon.png,rain,blurred,canny_proj3,0.1688
GOPR0400_frame_000431_rgb_anon.png,rain,blurred,canny_proj3_preblur,0.1752
GOPR0400_frame_000431_rgb_anon.png,rain,lowcontrast,sobel_p75,0.9319
GOPR0400_frame_000431_rgb_anon.png,rain,lowcontrast,canny_proj3,0.9241
GOPR0400_frame_000431_rgb_anon.png,rain,lowcontrast,canny_proj3_preblur,0.8889
GOPR0400_frame_000436_rgb_anon.png,rain,noisy,sobel_p75,0.3599
GOPR0400_frame_000436_rgb_anon.png,rain,noisy,canny_proj3,0.3077
GOPR0400_frame_000436_rgb_anon.png,rain,noisy,canny_proj3_preblur,0.4438
GOPR0400_frame_000436_rgb_anon.png,rain,blurred,sobel_p75,0.5192
GOPR0400_frame_000436_rgb_anon.png,rain,blurred,canny_proj3,0.1711
GOPR0400_frame_000436_rgb_anon.png,rain,blurred,canny_proj3_preblur,0.1683
GOPR0400_frame_000436_rgb_anon.png,rain,lowcontrast,sobel_p75,0.9354
GOPR0400_frame_000436_rgb_anon.png,rain,lowcontrast,canny_proj3,0.9332
GOPR0400_frame_000436_rgb_anon.png,rain,lowcontrast,canny_proj3_preblur,0.8828
GOPR0400_frame_000443_rgb_anon.png,rain,noisy,sobel_p75,0.3097
GOPR0400_frame_000443_rgb_anon.png,rain,noisy,canny_proj3,0.1925
GOPR0400_frame_000443_rgb_anon.png,rain,noisy,canny_proj3_preblur,0.3753
GOPR0400_frame_000443_rgb_anon.png,rain,blurred,sobel_p75,0.5316
GOPR0400_frame_000443_rgb_anon.png,rain,blurred,canny_proj3,0.1785
GOPR0400_frame_000443_rgb_anon.png,rain,blurred,canny_proj3_preblur,0.1877
GOPR0400_frame_000443_rgb_anon.png,rain,lowcontrast,sobel_p75,0.9197
GOPR0400_frame_000443_rgb_anon.png,rain,lowcontrast,canny_proj3,0.9128
GOPR0400_frame_000443_rgb_anon.png,rain,lowcontrast,canny_proj3_preblur,0.8719
GOPR0400_frame_000454_rgb_anon.png,rain,noisy,sobel_p75,0.3082
GOPR0400_frame_000454_rgb_anon.png,rain,noisy,canny_proj3,0.2141
GOPR0400_frame_000454_rgb_anon.png,rain,noisy,canny_proj3_preblur,0.3933
GOPR0400_frame_000454_rgb_anon.png,rain,blurred,sobel_p75,0.5411
GOPR0400_frame_000454_rgb_anon.png,rain,blurred,canny_proj3,0.1688
GOPR0400_frame_000454_rgb_anon.png,rain,blurred,canny_proj3_preblur,0.1674
GOPR0400_frame_000454_rgb_anon.png,rain,lowcontrast,sobel_p75,0.9213
GOPR0400_frame_000454_rgb_anon.png,rain,lowcontrast,canny_proj3,0.9199
GOPR0400_frame_000454_rgb_anon.png,rain,lowcontrast,canny_proj3_preblur,0.8737
GOPR0122_frame_000161_rgb_anon.png,snow,noisy,sobel_p75,0.5378
GOPR0122_frame_000161_rgb_anon.png,snow,noisy,canny_proj3,0.4052
GOPR0122_frame_000161_rgb_anon.png,snow,noisy,canny_proj3_preblur,0.5306
GOPR0122_frame_000161_rgb_anon.png,snow,blurred,sobel_p75,0.4009
GOPR0122_frame_000161_rgb_anon.png,snow,blurred,canny_proj3,0.1604
GOPR0122_frame_000161_rgb_anon.png,snow,blurred,canny_proj3_preblur,0.1558
GOPR0122_frame_000161_rgb_anon.png,snow,lowcontrast,sobel_p75,0.9767
GOPR0122_frame_000161_rgb_anon.png,snow,lowcontrast,canny_proj3,0.9497
GOPR0122_frame_000161_rgb_anon.png,snow,lowcontrast,canny_proj3_preblur,0.9150
GOPR0122_frame_000176_rgb_anon.png,snow,noisy,sobel_p75,0.4166
GOPR0122_frame_000176_rgb_anon.png,snow,noisy,canny_proj3,0.2470
GOPR0122_frame_000176_rgb_anon.png,snow,noisy,canny_proj3_preblur,0.4219
GOPR0122_frame_000176_rgb_anon.png,snow,blurred,sobel_p75,0.4393
GOPR0122_frame_000176_rgb_anon.png,snow,blurred,canny_proj3,0.1701
GOPR0122_frame_000176_rgb_anon.png,snow,blurred,canny_proj3_preblur,0.1698
GOPR0122_frame_000176_rgb_anon.png,snow,lowcontrast,sobel_p75,0.9615
GOPR0122_frame_000176_rgb_anon.png,snow,lowcontrast,canny_proj3,0.9320
GOPR0122_frame_000176_rgb_anon.png,snow,lowcontrast,canny_proj3_preblur,0.8912
GOPR0122_frame_000185_rgb_anon.png,snow,noisy,sobel_p75,0.4084
GOPR0122_frame_000185_rgb_anon.png,snow,noisy,canny_proj3,0.2841
GOPR0122_frame_000185_rgb_anon.png,snow,noisy,canny_proj3_preblur,0.4364
GOPR0122_frame_000185_rgb_anon.png,snow,blurred,sobel_p75,0.4285
GOPR0122_frame_000185_rgb_anon.png,snow,blurred,canny_proj3,0.1564
GOPR0122_frame_000185_rgb_anon.png,snow,blurred,canny_proj3_preblur,0.1608
GOPR0122_frame_000185_rgb_anon.png,snow,lowcontrast,sobel_p75,0.9607
GOPR0122_frame_000185_rgb_anon.png,snow,lowcontrast,canny_proj3,0.9323
GOPR0122_frame_000185_rgb_anon.png,snow,lowcontrast,canny_proj3_preblur,0.8933
GOPR0122_frame_000192_rgb_anon.png,snow,noisy,sobel_p75,0.4941
GOPR0122_frame_000192_rgb_anon.png,snow,noisy,canny_proj3,0.2928
GOPR0122_frame_000192_rgb_anon.png,snow,noisy,canny_proj3_preblur,0.4387
GOPR0122_frame_000192_rgb_anon.png,snow,blurred,sobel_p75,0.4605
GOPR0122_frame_000192_rgb_anon.png,snow,blurred,canny_proj3,0.1984
GOPR0122_frame_000192_rgb_anon.png,snow,blurred,canny_proj3_preblur,0.2018
GOPR0122_frame_000192_rgb_anon.png,snow,lowcontrast,sobel_p75,0.9734
GOPR0122_frame_000192_rgb_anon.png,snow,lowcontrast,canny_proj3,0.9386
GOPR0122_frame_000192_rgb_anon.png,snow,lowcontrast,canny_proj3_preblur,0.8966
GOPR0122_frame_000198_rgb_anon.png,snow,noisy,sobel_p75,0.4608
GOPR0122_frame_000198_rgb_anon.png,snow,noisy,canny_proj3,0.2947
GOPR0122_frame_000198_rgb_anon.png,snow,noisy,canny_proj3_preblur,0.4368
GOPR0122_frame_000198_rgb_anon.png,snow,blurred,sobel_p75,0.4691
GOPR0122_frame_000198_rgb_anon.png,snow,blurred,canny_proj3,0.1924
GOPR0122_frame_000198_rgb_anon.png,snow,blurred,canny_proj3_preblur,0.1920
GOPR0122_frame_000198_rgb_anon.png,snow,lowcontrast,sobel_p75,0.9576
GOPR0122_frame_000198_rgb_anon.png,snow,lowcontrast,canny_proj3,0.9368
GOPR0122_frame_000198_rgb_anon.png,snow,lowcontrast,canny_proj3_preblur,0.8956
GOPR0122_frame_000205_rgb_anon.png,snow,noisy,sobel_p75,0.5051
GOPR0122_frame_000205_rgb_anon.png,snow,noisy,canny_proj3,0.3641
GOPR0122_frame_000205_rgb_anon.png,snow,noisy,canny_proj3_preblur,0.4946
GOPR0122_frame_000205_rgb_anon.png,snow,blurred,sobel_p75,0.4572
GOPR0122_frame_000205_rgb_anon.png,snow,blurred,canny_proj3,0.1647
GOPR0122_frame_000205_rgb_anon.png,snow,blurred,canny_proj3_preblur,0.1570
GOPR0122_frame_000205_rgb_anon.png,snow,lowcontrast,sobel_p75,0.9743
GOPR0122_frame_000205_rgb_anon.png,snow,lowcontrast,canny_proj3,0.9429
GOPR0122_frame_000205_rgb_anon.png,snow,lowcontrast,canny_proj3_preblur,0.8987
GOPR0122_frame_000212_rgb_anon.png,snow,noisy,sobel_p75,0.4051
GOPR0122_frame_000212_rgb_anon.png,snow,noisy,canny_proj3,0.2730
GOPR0122_frame_000212_rgb_anon.png,snow,noisy,canny_proj3_preblur,0.4220
GOPR0122_frame_000212_rgb_anon.png,snow,blurred,sobel_p75,0.4369
GOPR0122_frame_000212_rgb_anon.png,snow,blurred,canny_proj3,0.1902
GOPR0122_frame_000212_rgb_anon.png,snow,blurred,canny_proj3_preblur,0.1887
GOPR0122_frame_000212_rgb_anon.png,snow,lowcontrast,sobel_p75,0.9358
GOPR0122_frame_000212_rgb_anon.png,snow,lowcontrast,canny_proj3,0.9392
GOPR0122_frame_000212_rgb_anon.png,snow,lowcontrast,canny_proj3_preblur,0.8952
GOPR0122_frame_000221_rgb_anon.png,snow,noisy,sobel_p75,0.3773
GOPR0122_frame_000221_rgb_anon.png,snow,noisy,canny_proj3,0.2144
GOPR0122_frame_000221_rgb_anon.png,snow,noisy,canny_proj3_preblur,0.3943
GOPR0122_frame_000221_rgb_anon.png,snow,blurred,sobel_p75,0.4972
GOPR0122_frame_000221_rgb_anon.png,snow,blurred,canny_proj3,0.2039
GOPR0122_frame_000221_rgb_anon.png,snow,blurred,canny_proj3_preblur,0.2076
GOPR0122_frame_000221_rgb_anon.png,snow,lowcontrast,sobel_p75,0.9577
GOPR0122_frame_000221_rgb_anon.png,snow,lowcontrast,canny_proj3,0.9365
GOPR0122_frame_000221_rgb_anon.png,snow,lowcontrast,canny_proj3_preblur,0.9011
GOPR0122_frame_000227_rgb_anon.png,snow,noisy,sobel_p75,0.3961
GOPR0122_frame_000227_rgb_anon.png,snow,noisy,canny_proj3,0.2549
GOPR0122_frame_000227_rgb_anon.png,snow,noisy,canny_proj3_preblur,0.3775
GOPR0122_frame_000227_rgb_anon.png,snow,blurred,sobel_p75,0.3992
GOPR0122_frame_000227_rgb_anon.png,snow,blurred,canny_proj3,0.1772
GOPR0122_frame_000227_rgb_anon.png,snow,blurred,canny_proj3_preblur,0.1774
GOPR0122_frame_000227_rgb_anon.png,snow,lowcontrast,sobel_p75,0.9601
GOPR0122_frame_000227_rgb_anon.png,snow,lowcontrast,canny_proj3,0.9286
GOPR0122_frame_000227_rgb_anon.png,snow,lowcontrast,canny_proj3_preblur,0.8780
GOPR0122_frame_000234_rgb_anon.png,snow,noisy,sobel_p75,0.4395
GOPR0122_frame_000234_rgb_anon.png,snow,noisy,canny_proj3,0.2551
GOPR0122_frame_000234_rgb_anon.png,snow,noisy,canny_proj3_preblur,0.3926
GOPR0122_frame_000234_rgb_anon.png,snow,blurred,sobel_p75,0.4564
GOPR0122_frame_000234_rgb_anon.png,snow,blurred,canny_proj3,0.1943
GOPR0122_frame_000234_rgb_anon.png,snow,blurred,canny_proj3_preblur,0.1935
GOPR0122_frame_000234_rgb_anon.png,snow,lowcontrast,sobel_p75,0.9673
GOPR0122_frame_000234_rgb_anon.png,snow,lowcontrast,canny_proj3,0.9352
GOPR0122_frame_000234_rgb_anon.png,snow,lowcontrast,canny_proj3_preblur,0.8818
GOPR0122_frame_000248_rgb_anon.png,snow,noisy,sobel_p75,0.5627
GOPR0122_frame_000248_rgb_anon.png,snow,noisy,canny_proj3,0.3686
GOPR0122_frame_000248_rgb_anon.png,snow,noisy,canny_proj3_preblur,0.4890
GOPR0122_frame_000248_rgb_anon.png,snow,blurred,sobel_p75,0.4378
GOPR0122_frame_000248_rgb_anon.png,snow,blurred,canny_proj3,0.2060
GOPR0122_frame_000248_rgb_anon.png,snow,blurred,canny_proj3_preblur,0.1915
GOPR0122_frame_000248_rgb_anon.png,snow,lowcontrast,sobel_p75,0.9773
GOPR0122_frame_000248_rgb_anon.png,snow,lowcontrast,canny_proj3,0.9463
GOPR0122_frame_000248_rgb_anon.png,snow,lowcontrast,canny_proj3_preblur,0.9022
GOPR0122_frame_000265_rgb_anon.png,snow,noisy,sobel_p75,0.4243
GOPR0122_frame_000265_rgb_anon.png,snow,noisy,canny_proj3,0.2890
GOPR0122_frame_000265_rgb_anon.png,snow,noisy,canny_proj3_preblur,0.4594
GOPR0122_frame_000265_rgb_anon.png,snow,blurred,sobel_p75,0.4000
GOPR0122_frame_000265_rgb_anon.png,snow,blurred,canny_proj3,0.1619
GOPR0122_frame_000265_rgb_anon.png,snow,blurred,canny_proj3_preblur,0.1649
GOPR0122_frame_000265_rgb_anon.png,snow,lowcontrast,sobel_p75,0.9635
GOPR0122_frame_000265_rgb_anon.png,snow,lowcontrast,canny_proj3,0.9358
GOPR0122_frame_000265_rgb_anon.png,snow,lowcontrast,canny_proj3_preblur,0.8983
GOPR0122_frame_000275_rgb_anon.png,snow,noisy,sobel_p75,0.4376
GOPR0122_frame_000275_rgb_anon.png,snow,noisy,canny_proj3,0.2718
GOPR0122_frame_000275_rgb_anon.png,snow,noisy,canny_proj3_preblur,0.4082
GOPR0122_frame_000275_rgb_anon.png,snow,blurred,sobel_p75,0.4584
GOPR0122_frame_000275_rgb_anon.png,snow,blurred,canny_proj3,0.2113
GOPR0122_frame_000275_rgb_anon.png,snow,blurred,canny_proj3_preblur,0.2056
GOPR0122_frame_000275_rgb_anon.png,snow,lowcontrast,sobel_p75,0.9654
GOPR0122_frame_000275_rgb_anon.png,snow,lowcontrast,canny_proj3,0.9291
GOPR0122_frame_000275_rgb_anon.png,snow,lowcontrast,canny_proj3_preblur,0.8804
GOPR0122_frame_000287_rgb_anon.png,snow,noisy,sobel_p75,0.4238
GOPR0122_frame_000287_rgb_anon.png,snow,noisy,canny_proj3,0.2415
GOPR0122_frame_000287_rgb_anon.png,snow,noisy,canny_proj3_preblur,0.3902
GOPR0122_frame_000287_rgb_anon.png,snow,blurred,sobel_p75,0.4742
GOPR0122_frame_000287_rgb_anon.png,snow,blurred,canny_proj3,0.1874
GOPR0122_frame_000287_rgb_anon.png,snow,blurred,canny_proj3_preblur,0.1882
GOPR0122_frame_000287_rgb_anon.png,snow,lowcontrast,sobel_p75,0.9552
GOPR0122_frame_000287_rgb_anon.png,snow,lowcontrast,canny_proj3,0.9299
GOPR0122_frame_000287_rgb_anon.png,snow,lowcontrast,canny_proj3_preblur,0.8760
GOPR0122_frame_000294_rgb_anon.png,snow,noisy,sobel_p75,0.4827
GOPR0122_frame_000294_rgb_anon.png,snow,noisy,canny_proj3,0.3238
GOPR0122_frame_000294_rgb_anon.png,snow,noisy,canny_proj3_preblur,0.4582
GOPR0122_frame_000294_rgb_anon.png,snow,blurred,sobel_p75,0.4466
GOPR0122_frame_000294_rgb_anon.png,snow,blurred,canny_proj3,0.1865
GOPR0122_frame_000294_rgb_anon.png,snow,blurred,canny_proj3_preblur,0.1761
GOPR0122_frame_000294_rgb_anon.png,snow,lowcontrast,sobel_p75,0.9632
GOPR0122_frame_000294_rgb_anon.png,snow,lowcontrast,canny_proj3,0.9365
GOPR0122_frame_000294_rgb_anon.png,snow,lowcontrast,canny_proj3_preblur,0.8859
GOPR0604_frame_000496_rgb_anon.png,snow,noisy,sobel_p75,0.4290
GOPR0604_frame_000496_rgb_anon.png,snow,noisy,canny_proj3,0.2723
GOPR0604_frame_000496_rgb_anon.png,snow,noisy,canny_proj3_preblur,0.4279
GOPR0604_frame_000496_rgb_anon.png,snow,blurred,sobel_p75,0.5026
GOPR0604_frame_000496_rgb_anon.png,snow,blurred,canny_proj3,0.2588
GOPR0604_frame_000496_rgb_anon.png,snow,blurred,canny_proj3_preblur,0.2617
GOPR0604_frame_000496_rgb_anon.png,snow,lowcontrast,sobel_p75,0.9644
GOPR0604_frame_000496_rgb_anon.png,snow,lowcontrast,canny_proj3,0.9420
GOPR0604_frame_000496_rgb_anon.png,snow,lowcontrast,canny_proj3_preblur,0.8973
GOPR0604_frame_000504_rgb_anon.png,snow,noisy,sobel_p75,0.3798
GOPR0604_frame_000504_rgb_anon.png,snow,noisy,canny_proj3,0.2529
GOPR0604_frame_000504_rgb_anon.png,snow,noisy,canny_proj3_preblur,0.4622
GOPR0604_frame_000504_rgb_anon.png,snow,blurred,sobel_p75,0.5398
GOPR0604_frame_000504_rgb_anon.png,snow,blurred,canny_proj3,0.2521
GOPR0604_frame_000504_rgb_anon.png,snow,blurred,canny_proj3_preblur,0.2388
GOPR0604_frame_000504_rgb_anon.png,snow,lowcontrast,sobel_p75,0.9601
GOPR0604_frame_000504_rgb_anon.png,snow,lowcontrast,canny_proj3,0.9388
GOPR0604_frame_000504_rgb_anon.png,snow,lowcontrast,canny_proj3_preblur,0.8968
GOPR0604_frame_000515_rgb_anon.png,snow,noisy,sobel_p75,0.5483
GOPR0604_frame_000515_rgb_anon.png,snow,noisy,canny_proj3,0.3574
GOPR0604_frame_000515_rgb_anon.png,snow,noisy,canny_proj3_preblur,0.5328
GOPR0604_frame_000515_rgb_anon.png,snow,blurred,sobel_p75,0.5354
GOPR0604_frame_000515_rgb_anon.png,snow,blurred,canny_proj3,0.2217
GOPR0604_frame_000515_rgb_anon.png,snow,blurred,canny_proj3_preblur,0.2078
GOPR0604_frame_000515_rgb_anon.png,snow,lowcontrast,sobel_p75,0.9724
GOPR0604_frame_000515_rgb_anon.png,snow,lowcontrast,canny_proj3,0.9536
GOPR0604_frame_000515_rgb_anon.png,snow,lowcontrast,canny_proj3_preblur,0.9209
GOPR0604_frame_000521_rgb_anon.png,snow,noisy,sobel_p75,0.4496
GOPR0604_frame_000521_rgb_anon.png,snow,noisy,canny_proj3,0.2549
GOPR0604_frame_000521_rgb_anon.png,snow,noisy,canny_proj3_preblur,0.4407
GOPR0604_frame_000521_rgb_anon.png,snow,blurred,sobel_p75,0.5180
GOPR0604_frame_000521_rgb_anon.png,snow,blurred,canny_proj3,0.2203
GOPR0604_frame_000521_rgb_anon.png,snow,blurred,canny_proj3_preblur,0.2176
GOPR0604_frame_000521_rgb_anon.png,snow,lowcontrast,sobel_p75,0.9723
GOPR0604_frame_000521_rgb_anon.png,snow,lowcontrast,canny_proj3,0.9368
GOPR0604_frame_000521_rgb_anon.png,snow,lowcontrast,canny_proj3_preblur,0.8901
GOPR0604_frame_000527_rgb_anon.png,snow,noisy,sobel_p75,0.4716
GOPR0604_frame_000527_rgb_anon.png,snow,noisy,canny_proj3,0.2668
GOPR0604_frame_000527_rgb_anon.png,snow,noisy,canny_proj3_preblur,0.4118
GOPR0604_frame_000527_rgb_anon.png,snow,blurred,sobel_p75,0.5090
GOPR0604_frame_000527_rgb_anon.png,snow,blurred,canny_proj3,0.2178
GOPR0604_frame_000527_rgb_anon.png,snow,blurred,canny_proj3_preblur,0.2060
GOPR0604_frame_000527_rgb_anon.png,snow,lowcontrast,sobel_p75,0.9747
GOPR0604_frame_000527_rgb_anon.png,snow,lowcontrast,canny_proj3,0.9391
GOPR0604_frame_000527_rgb_anon.png,snow,lowcontrast,canny_proj3_preblur,0.8923
