image,condition,distortion,detector,score_iou_or_ari
GOPR0475_frame_000180_rgb_anon.png,fog,noisy,sobel_p75,0.2345
GOPR0475_frame_000180_rgb_anon.png,fog,noisy,canny_proj3,0.0918
GOPR0475_frame_000180_rgb_anon.png,fog,noisy,canny_proj3_preblur,0.2188
GOPR0475_frame_000180_rgb_anon.png,fog,noisy,texture_seg,0.8716
GOPR0475_frame_000180_rgb_anon.png,fog,blurred,sobel_p75,0.5306
GOPR0475_frame_000180_rgb_anon.png,fog,blurred,canny_proj3,0.1764
GOPR0475_frame_000180_rgb_anon.png,fog,blurred,canny_proj3_preblur,0.1810
GOPR0475_frame_000180_rgb_anon.png,fog,blurred,texture_seg,0.8133
GOPR0475_frame_000180_rgb_anon.png,fog,lowcontrast,sobel_p75,0.8672
GOPR0475_frame_000180_rgb_anon.png,fog,lowcontrast,canny_proj3,0.8912
GOPR0475_frame_000180_rgb_anon.png,fog,lowcontrast,canny_proj3_preblur,0.8168
GOPR0475_frame_000180_rgb_anon.png,fog,lowcontrast,texture_seg,0.8004
GOPR0475_frame_000197_rgb_anon.png,fog,noisy,sobel_p75,0.2133
GOPR0475_frame_000197_rgb_anon.png,fog,noisy,canny_proj3,0.1623
GOPR0475_frame_000197_rgb_anon.png,fog,noisy,canny_proj3_preblur,0.3220
GOPR0475_frame_000197_rgb_anon.png,fog,noisy,texture_seg,0.7810
GOPR0475_frame_000197_rgb_anon.png,fog,blurred,sobel_p75,0.4694
GOPR0475_frame_000197_rgb_anon.png,fog,blurred,canny_proj3,0.1430
GOPR0475_frame_000197_rgb_anon.png,fog,blurred,canny_proj3_preblur,0.1619
GOPR0475_frame_000197_rgb_anon.png,fog,blurred,texture_seg,0.7694
GOPR0475_frame_000197_rgb_anon.png,fog,lowcontrast,sobel_p75,0.8059
GOPR0475_frame_000197_rgb_anon.png,fog,lowcontrast,canny_proj3,0.9142
GOPR0475_frame_000197_rgb_anon.png,fog,lowcontrast,canny_proj3_preblur,0.8618
GOPR0475_frame_000197_rgb_anon.png,fog,lowcontrast,texture_seg,0.5340
GOPR0475_frame_000203_rgb_anon.png,fog,noisy,sobel_p75,0.2152
GOPR0475_frame_000203_rgb_anon.png,fog,noisy,canny_proj3,0.0720
GOPR0475_frame_000203_rgb_anon.png,fog,noisy,canny_proj3_preblur,0.2465
GOPR0475_frame_000203_rgb_anon.png,fog,noisy,texture_seg,0.6490
GOPR0475_frame_000203_rgb_anon.png,fog,blurred,sobel_p75,0.4779
GOPR0475_frame_000203_rgb_anon.png,fog,blurred,canny_proj3,0.2166
GOPR0475_frame_000203_rgb_anon.png,fog,blurred,canny_proj3_preblur,0.2170
GOPR0475_frame_000203_rgb_anon.png,fog,blurred,texture_seg,0.6490
GOPR0475_frame_000203_rgb_anon.png,fog,lowcontrast,sobel_p75,0.8084
GOPR0475_frame_000203_rgb_anon.png,fog,lowcontrast,canny_proj3,0.8955
GOPR0475_frame_000203_rgb_anon.png,fog,lowcontrast,canny_proj3_preblur,0.8330
GOPR0475_frame_000203_rgb_anon.png,fog,lowcontrast,texture_seg,0.5627
GOPR0476_frame_000251_rgb_anon.png,fog,noisy,sobel_p75,0.2521
GOPR0476_frame_000251_rgb_anon.png,fog,noisy,canny_proj3,0.0982
GOPR0476_frame_000251_rgb_anon.png,fog,noisy,canny_proj3_preblur,0.1848
GOPR0476_frame_000251_rgb_anon.png,fog,noisy,texture_seg,0.8582
GOPR0476_frame_000251_rgb_anon.png,fog,blurred,sobel_p75,0.5308
GOPR0476_frame_000251_rgb_anon.png,fog,blurred,canny_proj3,0.1638
GOPR0476_frame_000251_rgb_anon.png,fog,blurred,canny_proj3_preblur,0.1720
GOPR0476_frame_000251_rgb_anon.png,fog,blurred,texture_seg,0.8364
GOPR0476_frame_000251_rgb_anon.png,fog,lowcontrast,sobel_p75,0.8731
GOPR0476_frame_000251_rgb_anon.png,fog,lowcontrast,canny_proj3,0.8909
GOPR0476_frame_000251_rgb_anon.png,fog,lowcontrast,canny_proj3_preblur,0.8348
GOPR0476_frame_000251_rgb_anon.png,fog,lowcontrast,texture_seg,0.8649
GOPR0476_frame_000264_rgb_anon.png,fog,noisy,sobel_p75,0.3374
GOPR0476_frame_000264_rgb_anon.png,fog,noisy,canny_proj3,0.1633
GOPR0476_frame_000264_rgb_anon.png,fog,noisy,canny_proj3_preblur,0.2966
GOPR0476_frame_000264_rgb_anon.png,fog,noisy,texture_seg,0.8332
GOPR0476_frame_000264_rgb_anon.png,fog,blurred,sobel_p75,0.5404
GOPR0476_frame_000264_rgb_anon.png,fog,blurred,canny_proj3,0.1838
GOPR0476_frame_000264_rgb_anon.png,fog,blurred,canny_proj3_preblur,0.1871
GOPR0476_frame_000264_rgb_anon.png,fog,blurred,texture_seg,0.6326
GOPR0476_frame_000264_rgb_anon.png,fog,lowcontrast,sobel_p75,0.9494
GOPR0476_frame_000264_rgb_anon.png,fog,lowcontrast,canny_proj3,0.9154
GOPR0476_frame_000264_rgb_anon.png,fog,lowcontrast,canny_proj3_preblur,0.8581
GOPR0476_frame_000264_rgb_anon.png,fog,lowcontrast,texture_seg,0.8824
GOPR0476_frame_000351_rgb_anon.png,fog,noisy,sobel_p75,0.2820
GOPR0476_frame_000351_rgb_anon.png,fog,noisy,canny_proj3,0.1202
GOPR0476_frame_000351_rgb_anon.png,fog,noisy,canny_proj3_preblur,0.1909
GOPR0476_frame_000351_rgb_anon.png,fog,noisy,texture_seg,0.8986
GOPR0476_frame_000351_rgb_anon.png,fog,blurred,sobel_p75,0.5850
GOPR0476_frame_000351_rgb_anon.png,fog,blurred,canny_proj3,0.2021
GOPR0476_frame_000351_rgb_anon.png,fog,blurred,canny_proj3_preblur,0.2035
GOPR0476_frame_000351_rgb_anon.png,fog,blurred,texture_seg,0.8875
GOPR0476_frame_000351_rgb_anon.png,fog,lowcontrast,sobel_p75,0.9137
GOPR0476_frame_000351_rgb_anon.png,fog,lowcontrast,canny_proj3,0.9088
GOPR0476_frame_000351_rgb_anon.png,fog,lowcontrast,canny_proj3_preblur,0.8546
GOPR0476_frame_000351_rgb_anon.png,fog,lowcontrast,texture_seg,0.9541
GOPR0476_frame_000389_rgb_anon.png,fog,noisy,sobel_p75,0.2503
GOPR0476_frame_000389_rgb_anon.png,fog,noisy,canny_proj3,0.1015
GOPR0476_frame_000389_rgb_anon.png,fog,noisy,canny_proj3_preblur,0.2710
GOPR0476_frame_000389_rgb_anon.png,fog,noisy,texture_seg,0.8309
GOPR0476_frame_000389_rgb_anon.png,fog,blurred,sobel_p75,0.6116
GOPR0476_frame_000389_rgb_anon.png,fog,blurred,canny_proj3,0.2181
GOPR0476_frame_000389_rgb_anon.png,fog,blurred,canny_proj3_preblur,0.2216
GOPR0476_frame_000389_rgb_anon.png,fog,blurred,texture_seg,0.7765
GOPR0476_frame_000389_rgb_anon.png,fog,lowcontrast,sobel_p75,0.8461
GOPR0476_frame_000389_rgb_anon.png,fog,lowcontrast,canny_proj3,0.9139
GOPR0476_frame_000389_rgb_anon.png,fog,lowcontrast,canny_proj3_preblur,0.8593
GOPR0476_frame_000389_rgb_anon.png,fog,lowcontrast,texture_seg,0.7747
GOPR0476_frame_000518_rgb_anon.png,fog,noisy,sobel_p75,0.4141
GOPR0476_frame_000518_rgb_anon.png,fog,noisy,canny_proj3,0.2250
GOPR0476_frame_000518_rgb_anon.png,fog,noisy,canny_proj3_preblur,0.4116
GOPR0476_frame_000518_rgb_anon.png,fog,noisy,texture_seg,0.8096
GOPR0476_frame_000518_rgb_anon.png,fog,blurred,sobel_p75,0.5408
GOPR0476_frame_000518_rgb_anon.png,fog,blurred,canny_proj3,0.1917
GOPR0476_frame_000518_rgb_anon.png,fog,blurred,canny_proj3_preblur,0.1869
GOPR0476_frame_000518_rgb_anon.png,fog,blurred,texture_seg,0.7224
GOPR0476_frame_000518_rgb_anon.png,fog,lowcontrast,sobel_p75,0.9631
GOPR0476_frame_000518_rgb_anon.png,fog,lowcontrast,canny_proj3,0.9311
GOPR0476_frame_000518_rgb_anon.png,fog,lowcontrast,canny_proj3_preblur,0.8833
GOPR0476_frame_000518_rgb_anon.png,fog,lowcontrast,texture_seg,0.7352
GOPR0477_frame_000384_rgb_anon.png,fog,noisy,sobel_p75,0.2018
GOPR0477_frame_000384_rgb_anon.png,fog,noisy,canny_proj3,0.0757
GOPR0477_frame_000384_rgb_anon.png,fog,noisy,canny_proj3_preblur,0.1971
GOPR0477_frame_000384_rgb_anon.png,fog,noisy,texture_seg,0.8559
GOPR0477_frame_000384_rgb_anon.png,fog,blurred,sobel_p75,0.4569
GOPR0477_frame_000384_rgb_anon.png,fog,blurred,canny_proj3,0.2830
GOPR0477_frame_000384_rgb_anon.png,fog,blurred,canny_proj3_preblur,0.3057
GOPR0477_frame_000384_rgb_anon.png,fog,blurred,texture_seg,0.9177
GOPR0477_frame_000384_rgb_anon.png,fog,lowcontrast,sobel_p75,0.6129
GOPR0477_frame_000384_rgb_anon.png,fog,lowcontrast,canny_proj3,0.9130
GOPR0477_frame_000384_rgb_anon.png,fog,lowcontrast,canny_proj3_preblur,0.8479
GOPR0477_frame_000384_rgb_anon.png,fog,lowcontrast,texture_seg,0.6736
GOPR0477_frame_000459_rgb_anon.png,fog,noisy,sobel_p75,0.1930
GOPR0477_frame_000459_rgb_anon.png,fog,noisy,canny_proj3,0.0356
GOPR0477_frame_000459_rgb_anon.png,fog,noisy,canny_proj3_preblur,0.0439
GOPR0477_frame_000459_rgb_anon.png,fog,noisy,texture_seg,0.7181
GOPR0477_frame_000459_rgb_anon.png,fog,blurred,sobel_p75,0.4253
GOPR0477_frame_000459_rgb_anon.png,fog,blurred,canny_proj3,0.2925
GOPR0477_frame_000459_rgb_anon.png,fog,blurred,canny_proj3_preblur,0.3212
GOPR0477_frame_000459_rgb_anon.png,fog,blurred,texture_seg,0.4765
GOPR0477_frame_000459_rgb_anon.png,fog,lowcontrast,sobel_p75,0.6394
GOPR0477_frame_000459_rgb_anon.png,fog,lowcontrast,canny_proj3,0.8640
GOPR0477_frame_000459_rgb_anon.png,fog,lowcontrast,canny_proj3_preblur,0.7906
GOPR0477_frame_000459_rgb_anon.png,fog,lowcontrast,texture_seg,0.9496
GOPR0477_frame_000477_rgb_anon.png,fog,noisy,sobel_p75,0.2388
GOPR0477_frame_000477_rgb_anon.png,fog,noisy,canny_proj3,0.0788
GOPR0477_frame_000477_rgb_anon.png,fog,noisy,canny_proj3_preblur,0.1672
GOPR0477_frame_000477_rgb_anon.png,fog,noisy,texture_seg,0.7510
GOPR0477_frame_000477_rgb_anon.png,fog,blurred,sobel_p75,0.6062
GOPR0477_frame_000477_rgb_anon.png,fog,blurred,canny_proj3,0.2364
GOPR0477_frame_000477_rgb_anon.png,fog,blurred,canny_proj3_preblur,0.2444
GOPR0477_frame_000477_rgb_anon.png,fog,blurred,texture_seg,0.7413
GOPR0477_frame_000477_rgb_anon.png,fog,lowcontrast,sobel_p75,0.8100
GOPR0477_frame_000477_rgb_anon.png,fog,lowcontrast,canny_proj3,0.9185
GOPR0477_frame_000477_rgb_anon.png,fog,lowcontrast,canny_proj3_preblur,0.8550
GOPR0477_frame_000477_rgb_anon.png,fog,lowcontrast,texture_seg,0.7477
GOPR0477_frame_000501_rgb_anon.png,fog,noisy,sobel_p75,0.1849
GOPR0477_frame_000501_rgb_anon.png,fog,noisy,canny_proj3,0.0277
GOPR0477_frame_000501_rgb_anon.png,fog,noisy,canny_proj3_preblur,0.0753
GOPR0477_frame_000501_rgb_anon.png,fog,noisy,texture_seg,0.8250
GOPR0477_frame_000501_rgb_anon.png,fog,blurred,sobel_p75,0.4705
GOPR0477_frame_000501_rgb_anon.png,fog,blurred,canny_proj3,0.2595
GOPR0477_frame_000501_rgb_anon.png,fog,blurred,canny_proj3_preblur,0.2901
GOPR0477_frame_000501_rgb_anon.png,fog,blurred,texture_seg,0.9606
GOPR0477_frame_000501_rgb_anon.png,fog,lowcontrast,sobel_p75,0.5877
GOPR0477_frame_000501_rgb_anon.png,fog,lowcontrast,canny_proj3,0.9170
GOPR0477_frame_000501_rgb_anon.png,fog,lowcontrast,canny_proj3_preblur,0.8376
GOPR0477_frame_000501_rgb_anon.png,fog,lowcontrast,texture_seg,0.5362
GOPR0477_frame_000571_rgb_anon.png,fog,noisy,sobel_p75,0.2135
GOPR0477_frame_000571_rgb_anon.png,fog,noisy,canny_proj3,0.0518
GOPR0477_frame_000571_rgb_anon.png,fog,noisy,canny_proj3_preblur,0.1736
GOPR0477_frame_000571_rgb_anon.png,fog,noisy,texture_seg,0.8933
GOPR0477_frame_000571_rgb_anon.png,fog,blurred,sobel_p75,0.5736
GOPR0477_frame_000571_rgb_anon.png,fog,blurred,canny_proj3,0.2394
GOPR0477_frame_000571_rgb_anon.png,fog,blurred,canny_proj3_preblur,0.2644
GOPR0477_frame_000571_rgb_anon.png,fog,blurred,texture_seg,0.8653
GOPR0477_frame_000571_rgb_anon.png,fog,lowcontrast,sobel_p75,0.6463
GOPR0477_frame_000571_rgb_anon.png,fog,lowcontrast,canny_proj3,0.8919
GOPR0477_frame_000571_rgb_anon.png,fog,lowcontrast,canny_proj3_preblur,0.8390
GOPR0477_frame_000571_rgb_anon.png,fog,lowcontrast,texture_seg,0.9144
GOPR0478_frame_000247_rgb_anon.png,fog,noisy,sobel_p75,0.2032
GOPR0478_frame_000247_rgb_anon.png,fog,noisy,canny_proj3,0.0417
GOPR0478_frame_000247_rgb_anon.png,fog,noisy,canny_proj3_preblur,0.2125
GOPR0478_frame_000247_rgb_anon.png,fog,noisy,texture_seg,0.7962
GOPR0478_frame_000247_rgb_anon.png,fog,blurred,sobel_p75,0.4974
GOPR0478_frame_000247_rgb_anon.png,fog,blurred,canny_proj3,0.2651
GOPR0478_frame_000247_rgb_anon.png,fog,blurred,canny_proj3_preblur,0.2661
GOPR0478_frame_000247_rgb_anon.png,fog,blurred,texture_seg,0.9198
GOPR0478_frame_000247_rgb_anon.png,fog,lowcontrast,sobel_p75,0.6184
GOPR0478_frame_000247_rgb_anon.png,fog,lowcontrast,canny_proj3,0.9240
GOPR0478_frame_000247_rgb_anon.png,fog,lowcontrast,canny_proj3_preblur,0.8775
GOPR0478_frame_000247_rgb_anon.png,fog,lowcontrast,texture_seg,0.6346
GP010477_frame_000253_rgb_anon.png,fog,noisy,sobel_p75,0.3895
GP010477_frame_000253_rgb_anon.png,fog,noisy,canny_proj3,0.1671
GP010477_frame_000253_rgb_anon.png,fog,noisy,canny_proj3_preblur,0.3743
GP010477_frame_000253_rgb_anon.png,fog,noisy,texture_seg,0.8477
GP010477_frame_000253_rgb_anon.png,fog,blurred,sobel_p75,0.6423
GP010477_frame_000253_rgb_anon.png,fog,blurred,canny_proj3,0.1911
GP010477_frame_000253_rgb_anon.png,fog,blurred,canny_proj3_preblur,0.1857
GP010477_frame_000253_rgb_anon.png,fog,blurred,texture_seg,0.6073
GP010477_frame_000253_rgb_anon.png,fog,lowcontrast,sobel_p75,0.9546
GP010477_frame_000253_rgb_anon.png,fog,lowcontrast,canny_proj3,0.9366
GP010477_frame_000253_rgb_anon.png,fog,lowcontrast,canny_proj3_preblur,0.9000
GP010477_frame_000253_rgb_anon.png,fog,lowcontrast,texture_seg,0.9076
GP010477_frame_000377_rgb_anon.png,fog,noisy,sobel_p75,0.2346
GP010477_frame_000377_rgb_anon.png,fog,noisy,canny_proj3,0.0731
GP010477_frame_000377_rgb_anon.png,fog,noisy,canny_proj3_preblur,0.1172
GP010477_frame_000377_rgb_anon.png,fog,noisy,texture_seg,0.9027
GP010477_frame_000377_rgb_anon.png,fog,blurred,sobel_p75,0.5690
GP010477_frame_000377_rgb_anon.png,fog,blurred,canny_proj3,0.3619
GP010477_frame_000377_rgb_anon.png,fog,blurred,canny_proj3_preblur,0.3875
GP010477_frame_000377_rgb_anon.png,fog,blurred,texture_seg,0.5082
GP010477_frame_000377_rgb_anon.png,fog,lowcontrast,sobel_p75,0.8560
GP010477_frame_000377_rgb_anon.png,fog,lowcontrast,canny_proj3,0.8873
GP010477_frame_000377_rgb_anon.png,fog,lowcontrast,canny_proj3_preblur,0.8314
GP010477_frame_000377_rgb_anon.png,fog,lowcontrast,texture_seg,0.9675
GP010477_frame_000617_rgb_anon.png,fog,noisy,sobel_p75,0.2555
GP010477_frame_000617_rgb_anon.png,fog,noisy,canny_proj3,0.1342
GP010477_frame_000617_rgb_anon.png,fog,noisy,canny_proj3_preblur,0.3215
GP010477_frame_000617_rgb_anon.png,fog,noisy,texture_seg,0.8562
GP010477_frame_000617_rgb_anon.png,fog,blurred,sobel_p75,0.5841
GP010477_frame_000617_rgb_anon.png,fog,blurred,canny_proj3,0.1879
GP010477_frame_000617_rgb_anon.png,fog,blurred,canny_proj3_preblur,0.1981
GP010477_frame_000617_rgb_anon.png,fog,blurred,texture_seg,0.8125
GP010477_frame_000617_rgb_anon.png,fog,lowcontrast,sobel_p75,0.8684
GP010477_frame_000617_rgb_anon.png,fog,lowcontrast,canny_proj3,0.9087
GP010477_frame_000617_rgb_anon.png,fog,lowcontrast,canny_proj3_preblur,0.8641
GP010477_frame_000617_rgb_anon.png,fog,lowcontrast,texture_seg,0.9144
GP020475_frame_000264_rgb_anon.png,fog,noisy,sobel_p75,0.2544
GP020475_frame_000264_rgb_anon.png,fog,noisy,canny_proj3,0.1089
GP020475_frame_000264_rgb_anon.png,fog,noisy,canny_proj3_preblur,0.2547
GP020475_frame_000264_rgb_anon.png,fog,noisy,texture_seg,0.8781
GP020475_frame_000264_rgb_anon.png,fog,blurred,sobel_p75,0.5342
GP020475_frame_000264_rgb_anon.png,fog,blurred,canny_proj3,0.1562
GP020475_frame_000264_rgb_anon.png,fog,blurred,canny_proj3_preblur,0.1671
GP020475_frame_000264_rgb_anon.png,fog,blurred,texture_seg,0.8436
GP020475_frame_000264_rgb_anon.png,fog,lowcontrast,sobel_p75,0.8691
GP020475_frame_000264_rgb_anon.png,fog,lowcontrast,canny_proj3,0.9164
GP020475_frame_000264_rgb_anon.png,fog,lowcontrast,canny_proj3_preblur,0.8595
GP020475_frame_000264_rgb_anon.png,fog,lowcontrast,texture_seg,0.8930
GP020478_frame_000171_rgb_anon.png,fog,noisy,sobel_p75,0.3518
GP020478_frame_000171_rgb_anon.png,fog,noisy,canny_proj3,0.1630
GP020478_frame_000171_rgb_anon.png,fog,noisy,canny_proj3_preblur,0.3208
GP020478_frame_000171_rgb_anon.png,fog,noisy,texture_seg,0.9106
GP020478_frame_000171_rgb_anon.png,fog,blurred,sobel_p75,0.6078
GP020478_frame_000171_rgb_anon.png,fog,blurred,canny_proj3,0.2308
GP020478_frame_000171_rgb_anon.png,fog,blurred,canny_proj3_preblur,0.2285
GP020478_frame_000171_rgb_anon.png,fog,blurred,texture_seg,0.7232
GP020478_frame_000171_rgb_anon.png,fog,lowcontrast,sobel_p75,0.9477
GP020478_frame_000171_rgb_anon.png,fog,lowcontrast,canny_proj3,0.9325
GP020478_frame_000171_rgb_anon.png,fog,lowcontrast,canny_proj3_preblur,0.8939
GP020478_frame_000171_rgb_anon.png,fog,lowcontrast,texture_seg,0.8933
GP020478_frame_000184_rgb_anon.png,fog,noisy,sobel_p75,0.2527
GP020478_frame_000184_rgb_anon.png,fog,noisy,canny_proj3,0.0883
GP020478_frame_000184_rgb_anon.png,fog,noisy,canny_proj3_preblur,0.2030
GP020478_frame_000184_rgb_anon.png,fog,noisy,texture_seg,0.9274
GP020478_frame_000184_rgb_anon.png,fog,blurred,sobel_p75,0.5630
GP020478_frame_000184_rgb_anon.png,fog,blurred,canny_proj3,0.2097
GP020478_frame_000184_rgb_anon.png,fog,blurred,canny_proj3_preblur,0.2264
GP020478_frame_000184_rgb_anon.png,fog,blurred,texture_seg,0.8812
GP020478_frame_000184_rgb_anon.png,fog,lowcontrast,sobel_p75,0.8828
GP020478_frame_000184_rgb_anon.png,fog,lowcontrast,canny_proj3,0.8998
GP020478_frame_000184_rgb_anon.png,fog,lowcontrast,canny_proj3_preblur,0.8515
GP020478_frame_000184_rgb_anon.png,fog,lowcontrast,texture_seg,0.8809
GOPR0351_frame_000167_rgb_anon.png,night,noisy,sobel_p75,0.2692
GOPR0351_frame_000167_rgb_anon.png,night,noisy,canny_proj3,0.1132
GOPR0351_frame_000167_rgb_anon.png,night,noisy,canny_proj3_preblur,0.3100
GOPR0351_frame_000167_rgb_anon.png,night,noisy,texture_seg,0.7266
GOPR0351_frame_000167_rgb_anon.png,night,blurred,sobel_p75,0.4491
GOPR0351_frame_000167_rgb_anon.png,night,blurred,canny_proj3,0.2172
GOPR0351_frame_000167_rgb_anon.png,night,blurred,canny_proj3_preblur,0.2239
GOPR0351_frame_000167_rgb_anon.png,night,blurred,texture_seg,0.8706
GOPR0351_frame_000167_rgb_anon.png,night,lowcontrast,sobel_p75,0.6480
GOPR0351_frame_000167_rgb_anon.png,night,lowcontrast,canny_proj3,0.8982
GOPR0351_frame_000167_rgb_anon.png,night,lowcontrast,canny_proj3_preblur,0.8382
GOPR0351_frame_000167_rgb_anon.png,night,lowcontrast,texture_seg,0.8212
GOPR0351_frame_000195_rgb_anon.png,night,noisy,sobel_p75,0.2210
GOPR0351_frame_000195_rgb_anon.png,night,noisy,canny_proj3,0.1274
GOPR0351_frame_000195_rgb_anon.png,night,noisy,canny_proj3_preblur,0.3461
GOPR0351_frame_000195_rgb_anon.png,night,noisy,texture_seg,0.8122
GOPR0351_frame_000195_rgb_anon.png,night,blurred,sobel_p75,0.4619
GOPR0351_frame_000195_rgb_anon.png,night,blurred,canny_proj3,0.3619
GOPR0351_frame_000195_rgb_anon.png,night,blurred,canny_proj3_preblur,0.3769
GOPR0351_frame_000195_rgb_anon.png,night,blurred,texture_seg,0.8510
GOPR0351_frame_000195_rgb_anon.png,night,lowcontrast,sobel_p75,0.7713
GOPR0351_frame_000195_rgb_anon.png,night,lowcontrast,canny_proj3,0.9087
GOPR0351_frame_000195_rgb_anon.png,night,lowcontrast,canny_proj3_preblur,0.8512
GOPR0351_frame_000195_rgb_anon.png,night,lowcontrast,texture_seg,0.7169
GOPR0351_frame_000573_rgb_anon.png,night,noisy,sobel_p75,0.2159
GOPR0351_frame_000573_rgb_anon.png,night,noisy,canny_proj3,0.0448
GOPR0351_frame_000573_rgb_anon.png,night,noisy,canny_proj3_preblur,0.2122
GOPR0351_frame_000573_rgb_anon.png,night,noisy,texture_seg,0.7803
GOPR0351_frame_000573_rgb_anon.png,night,blurred,sobel_p75,0.3948
GOPR0351_frame_000573_rgb_anon.png,night,blurred,canny_proj3,0.2475
GOPR0351_frame_000573_rgb_anon.png,night,blurred,canny_proj3_preblur,0.2601
GOPR0351_frame_000573_rgb_anon.png,night,blurred,texture_seg,0.5170
GOPR0351_frame_000573_rgb_anon.png,night,lowcontrast,sobel_p75,0.6336
GOPR0351_frame_000573_rgb_anon.png,night,lowcontrast,canny_proj3,0.8622
GOPR0351_frame_000573_rgb_anon.png,night,lowcontrast,canny_proj3_preblur,0.7892
GOPR0351_frame_000573_rgb_anon.png,night,lowcontrast,texture_seg,0.9316
GOPR0376_frame_000089_rgb_anon.png,night,noisy,sobel_p75,0.2245
GOPR0376_frame_000089_rgb_anon.png,night,noisy,canny_proj3,0.0732
GOPR0376_frame_000089_rgb_anon.png,night,noisy,canny_proj3_preblur,0.2565
GOPR0376_frame_000089_rgb_anon.png,night,noisy,texture_seg,0.8684
GOPR0376_frame_000089_rgb_anon.png,night,blurred,sobel_p75,0.4746
GOPR0376_frame_000089_rgb_anon.png,night,blurred,canny_proj3,0.4585
GOPR0376_frame_000089_rgb_anon.png,night,blurred,canny_proj3_preblur,0.4663
GOPR0376_frame_000089_rgb_anon.png,night,blurred,texture_seg,0.6912
GOPR0376_frame_000089_rgb_anon.png,night,lowcontrast,sobel_p75,0.8252
GOPR0376_frame_000089_rgb_anon.png,night,lowcontrast,canny_proj3,0.8455
GOPR0376_frame_000089_rgb_anon.png,night,lowcontrast,canny_proj3_preblur,0.8100
GOPR0376_frame_000089_rgb_anon.png,night,lowcontrast,texture_seg,0.6676
GOPR0376_frame_000157_rgb_anon.png,night,noisy,sobel_p75,0.2140
GOPR0376_frame_000157_rgb_anon.png,night,noisy,canny_proj3,0.0304
GOPR0376_frame_000157_rgb_anon.png,night,noisy,canny_proj3_preblur,0.1410
GOPR0376_frame_000157_rgb_anon.png,night,noisy,texture_seg,0.8097
GOPR0376_frame_000157_rgb_anon.png,night,blurred,sobel_p75,0.4325
GOPR0376_frame_000157_rgb_anon.png,night,blurred,canny_proj3,0.2351
GOPR0376_frame_000157_rgb_anon.png,night,blurred,canny_proj3_preblur,0.2336
GOPR0376_frame_000157_rgb_anon.png,night,blurred,texture_seg,0.9270
GOPR0376_frame_000157_rgb_anon.png,night,lowcontrast,sobel_p75,0.7000
GOPR0376_frame_000157_rgb_anon.png,night,lowcontrast,canny_proj3,0.8360
GOPR0376_frame_000157_rgb_anon.png,night,lowcontrast,canny_proj3_preblur,0.7071
GOPR0376_frame_000157_rgb_anon.png,night,lowcontrast,texture_seg,0.8453
GOPR0376_frame_000340_rgb_anon.png,night,noisy,sobel_p75,0.2529
GOPR0376_frame_000340_rgb_anon.png,night,noisy,canny_proj3,0.1625
GOPR0376_frame_000340_rgb_anon.png,night,noisy,canny_proj3_preblur,0.3311
GOPR0376_frame_000340_rgb_anon.png,night,noisy,texture_seg,0.8719
GOPR0376_frame_000340_rgb_anon.png,night,blurred,sobel_p75,0.5413
GOPR0376_frame_000340_rgb_anon.png,night,blurred,canny_proj3,0.2400
GOPR0376_frame_000340_rgb_anon.png,night,blurred,canny_proj3_preblur,0.2610
GOPR0376_frame_000340_rgb_anon.png,night,blurred,texture_seg,0.9255
GOPR0376_frame_000340_rgb_anon.png,night,lowcontrast,sobel_p75,0.7497
GOPR0376_frame_000340_rgb_anon.png,night,lowcontrast,canny_proj3,0.8901
GOPR0376_frame_000340_rgb_anon.png,night,lowcontrast,canny_proj3_preblur,0.8446
GOPR0376_frame_000340_rgb_anon.png,night,lowcontrast,texture_seg,0.9248
GOPR0376_frame_000608_rgb_anon.png,night,noisy,sobel_p75,0.2603
GOPR0376_frame_000608_rgb_anon.png,night,noisy,canny_proj3,0.1426
GOPR0376_frame_000608_rgb_anon.png,night,noisy,canny_proj3_preblur,0.3387
GOPR0376_frame_000608_rgb_anon.png,night,noisy,texture_seg,0.7313
GOPR0376_frame_000608_rgb_anon.png,night,blurred,sobel_p75,0.5565
GOPR0376_frame_000608_rgb_anon.png,night,blurred,canny_proj3,0.3071
GOPR0376_frame_000608_rgb_anon.png,night,blurred,canny_proj3_preblur,0.3168
GOPR0376_frame_000608_rgb_anon.png,night,blurred,texture_seg,0.7096
GOPR0376_frame_000608_rgb_anon.png,night,lowcontrast,sobel_p75,0.8306
GOPR0376_frame_000608_rgb_anon.png,night,lowcontrast,canny_proj3,0.9107
GOPR0376_frame_000608_rgb_anon.png,night,lowcontrast,canny_proj3_preblur,0.8613
GOPR0376_frame_000608_rgb_anon.png,night,lowcontrast,texture_seg,0.7915
GOPR0376_frame_000887_rgb_anon.png,night,noisy,sobel_p75,0.2463
GOPR0376_frame_000887_rgb_anon.png,night,noisy,canny_proj3,0.1576
GOPR0376_frame_000887_rgb_anon.png,night,noisy,canny_proj3_preblur,0.3729
GOPR0376_frame_000887_rgb_anon.png,night,noisy,texture_seg,0.4548
GOPR0376_frame_000887_rgb_anon.png,night,blurred,sobel_p75,0.5055
GOPR0376_frame_000887_rgb_anon.png,night,blurred,canny_proj3,0.2363
GOPR0376_frame_000887_rgb_anon.png,night,blurred,canny_proj3_preblur,0.2483
GOPR0376_frame_000887_rgb_anon.png,night,blurred,texture_seg,0.8205
GOPR0376_frame_000887_rgb_anon.png,night,lowcontrast,sobel_p75,0.8458
GOPR0376_frame_000887_rgb_anon.png,night,lowcontrast,canny_proj3,0.9117
GOPR0376_frame_000887_rgb_anon.png,night,lowcontrast,canny_proj3_preblur,0.8464
GOPR0376_frame_000887_rgb_anon.png,night,lowcontrast,texture_seg,0.8837
GOPR0376_frame_000916_rgb_anon.png,night,noisy,sobel_p75,0.2707
GOPR0376_frame_000916_rgb_anon.png,night,noisy,canny_proj3,0.1595
GOPR0376_frame_000916_rgb_anon.png,night,noisy,canny_proj3_preblur,0.3767
GOPR0376_frame_000916_rgb_anon.png,night,noisy,texture_seg,0.4670
GOPR0376_frame_000916_rgb_anon.png,night,blurred,sobel_p75,0.5745
GOPR0376_frame_000916_rgb_anon.png,night,blurred,canny_proj3,0.2330
GOPR0376_frame_000916_rgb_anon.png,night,blurred,canny_proj3_preblur,0.2567
GOPR0376_frame_000916_rgb_anon.png,night,blurred,texture_seg,0.3906
GOPR0376_frame_000916_rgb_anon.png,night,lowcontrast,sobel_p75,0.8535
GOPR0376_frame_000916_rgb_anon.png,night,lowcontrast,canny_proj3,0.9032
GOPR0376_frame_000916_rgb_anon.png,night,lowcontrast,canny_proj3_preblur,0.8509
GOPR0376_frame_000916_rgb_anon.png,night,lowcontrast,texture_seg,0.7922
GOPR0376_frame_001001_rgb_anon.png,night,noisy,sobel_p75,0.2103
GOPR0376_frame_001001_rgb_anon.png,night,noisy,canny_proj3,0.0444
GOPR0376_frame_001001_rgb_anon.png,night,noisy,canny_proj3_preblur,0.2036
GOPR0376_frame_001001_rgb_anon.png,night,noisy,texture_seg,0.5687
GOPR0376_frame_001001_rgb_anon.png,night,blurred,sobel_p75,0.4112
GOPR0376_frame_001001_rgb_anon.png,night,blurred,canny_proj3,0.2444
GOPR0376_frame_001001_rgb_anon.png,night,blurred,canny_proj3_preblur,0.2607
GOPR0376_frame_001001_rgb_anon.png,night,blurred,texture_seg,0.6128
GOPR0376_frame_001001_rgb_anon.png,night,lowcontrast,sobel_p75,0.7567
GOPR0376_frame_001001_rgb_anon.png,night,lowcontrast,canny_proj3,0.8545
GOPR0376_frame_001001_rgb_anon.png,night,lowcontrast,canny_proj3_preblur,0.8031
GOPR0376_frame_001001_rgb_anon.png,night,lowcontrast,texture_seg,0.8170
GP010376_frame_000145_rgb_anon.png,night,noisy,sobel_p75,0.2188
GP010376_frame_000145_rgb_anon.png,night,noisy,canny_proj3,0.0837
GP010376_frame_000145_rgb_anon.png,night,noisy,canny_proj3_preblur,0.2611
GP010376_frame_000145_rgb_anon.png,night,noisy,texture_seg,0.3599
GP010376_frame_000145_rgb_anon.png,night,blurred,sobel_p75,0.4634
GP010376_frame_000145_rgb_anon.png,night,blurred,canny_proj3,0.3277
GP010376_frame_000145_rgb_anon.png,night,blurred,canny_proj3_preblur,0.3513
GP010376_frame_000145_rgb_anon.png,night,blurred,texture_seg,0.5896
GP010376_frame_000145_rgb_anon.png,night,lowcontrast,sobel_p75,0.7972
GP010376_frame_000145_rgb_anon.png,night,lowcontrast,canny_proj3,0.8935
GP010376_frame_000145_rgb_anon.png,night,lowcontrast,canny_proj3_preblur,0.8281
GP010376_frame_000145_rgb_anon.png,night,lowcontrast,texture_seg,0.9282
GP010376_frame_000251_rgb_anon.png,night,noisy,sobel_p75,0.2357
GP010376_frame_000251_rgb_anon.png,night,noisy,canny_proj3,0.1370
GP010376_frame_000251_rgb_anon.png,night,noisy,canny_proj3_preblur,0.3424
GP010376_frame_000251_rgb_anon.png,night,noisy,texture_seg,0.8222
GP010376_frame_000251_rgb_anon.png,night,blurred,sobel_p75,0.4101
GP010376_frame_000251_rgb_anon.png,night,blurred,canny_proj3,0.2770
GP010376_frame_000251_rgb_anon.png,night,blurred,canny_proj3_preblur,0.3089
GP010376_frame_000251_rgb_anon.png,night,blurred,texture_seg,0.4945
GP010376_frame_000251_rgb_anon.png,night,lowcontrast,sobel_p75,0.6415
GP010376_frame_000251_rgb_anon.png,night,lowcontrast,canny_proj3,0.9204
GP010376_frame_000251_rgb_anon.png,night,lowcontrast,canny_proj3_preblur,0.8539
GP010376_frame_000251_rgb_anon.png,night,lowcontrast,texture_seg,0.6300
GP010376_frame_000283_rgb_anon.png,night,noisy,sobel_p75,0.2206
GP010376_frame_000283_rgb_anon.png,night,noisy,canny_proj3,0.0761
GP010376_frame_000283_rgb_anon.png,night,noisy,canny_proj3_preblur,0.2732
GP010376_frame_000283_rgb_anon.png,night,noisy,texture_seg,0.9026
GP010376_frame_000283_rgb_anon.png,night,blurred,sobel_p75,0.4191
GP010376_frame_000283_rgb_anon.png,night,blurred,canny_proj3,0.2857
GP010376_frame_000283_rgb_anon.png,night,blurred,canny_proj3_preblur,0.3156
GP010376_frame_000283_rgb_anon.png,night,blurred,texture_seg,0.6516
GP010376_frame_000283_rgb_anon.png,night,lowcontrast,sobel_p75,0.7861
GP010376_frame_000283_rgb_anon.png,night,lowcontrast,canny_proj3,0.8792
GP010376_frame_000283_rgb_anon.png,night,lowcontrast,canny_proj3_preblur,0.8170
GP010376_frame_000283_rgb_anon.png,night,lowcontrast,texture_seg,0.5705
GP010397_frame_000096_rgb_anon.png,night,noisy,sobel_p75,0.2399
GP010397_frame_000096_rgb_anon.png,night,noisy,canny_proj3,0.1445
GP010397_frame_000096_rgb_anon.png,night,noisy,canny_proj3_preblur,0.3362
GP010397_frame_000096_rgb_anon.png,night,noisy,texture_seg,0.7374
GP010397_frame_000096_rgb_anon.png,night,blurred,sobel_p75,0.4628
GP010397_frame_000096_rgb_anon.png,night,blurred,canny_proj3,0.2946
GP010397_frame_000096_rgb_anon.png,night,blurred,canny_proj3_preblur,0.2974
GP010397_frame_000096_rgb_anon.png,night,blurred,texture_seg,0.4319
GP010397_frame_000096_rgb_anon.png,night,lowcontrast,sobel_p75,0.8093
GP010397_frame_000096_rgb_anon.png,night,lowcontrast,canny_proj3,0.9078
GP010397_frame_000096_rgb_anon.png,night,lowcontrast,canny_proj3_preblur,0.8587
GP010397_frame_000096_rgb_anon.png,night,lowcontrast,texture_seg,0.7454
GP010397_frame_000193_rgb_anon.png,night,noisy,sobel_p75,0.2609
GP010397_frame_000193_rgb_anon.png,night,noisy,canny_proj3,0.1643
GP010397_frame_000193_rgb_anon.png,night,noisy,canny_proj3_preblur,0.4072
GP010397_frame_000193_rgb_anon.png,night,noisy,texture_seg,0.8801
GP010397_frame_000193_rgb_anon.png,night,blurred,sobel_p75,0.4893
GP010397_frame_000193_rgb_anon.png,night,blurred,canny_proj3,0.3349
GP010397_frame_000193_rgb_anon.png,night,blurred,canny_proj3_preblur,0.3603
GP010397_frame_000193_rgb_anon.png,night,blurred,texture_seg,0.8911
GP010397_frame_000193_rgb_anon.png,night,lowcontrast,sobel_p75,0.7527
GP010397_frame_000193_rgb_anon.png,night,lowcontrast,canny_proj3,0.9304
GP010397_frame_000193_rgb_anon.png,night,lowcontrast,canny_proj3_preblur,0.8754
GP010397_frame_000193_rgb_anon.png,night,lowcontrast,texture_seg,0.8705
GP010397_frame_000775_rgb_anon.png,night,noisy,sobel_p75,0.2959
GP010397_frame_000775_rgb_anon.png,night,noisy,canny_proj3,0.3036
GP010397_frame_000775_rgb_anon.png,night,noisy,canny_proj3_preblur,0.5097
GP010397_frame_000775_rgb_anon.png,night,noisy,texture_seg,0.7925
GP010397_frame_000775_rgb_anon.png,night,blurred,sobel_p75,0.4854
GP010397_frame_000775_rgb_anon.png,night,blurred,canny_proj3,0.2799
GP010397_frame_000775_rgb_anon.png,night,blurred,canny_proj3_preblur,0.2835
GP010397_frame_000775_rgb_anon.png,night,blurred,texture_seg,0.6627
GP010397_frame_000775_rgb_anon.png,night,lowcontrast,sobel_p75,0.7256
GP010397_frame_000775_rgb_anon.png,night,lowcontrast,canny_proj3,0.9439
GP010397_frame_000775_rgb_anon.png,night,lowcontrast,canny_proj3_preblur,0.9042
GP010397_frame_000775_rgb_anon.png,night,lowcontrast,texture_seg,0.8391
GP020397_frame_000030_rgb_anon.png,night,noisy,sobel_p75,0.2401
GP020397_frame_000030_rgb_anon.png,night,noisy,canny_proj3,0.1679
GP020397_frame_000030_rgb_anon.png,night,noisy,canny_proj3_preblur,0.3786
GP020397_frame_000030_rgb_anon.png,night,noisy,texture_seg,0.8601
GP020397_frame_000030_rgb_anon.png,night,blurred,sobel_p75,0.4977
GP020397_frame_000030_rgb_anon.png,night,blurred,canny_proj3,0.2650
GP020397_frame_000030_rgb_anon.png,night,blurred,canny_proj3_preblur,0.2915
GP020397_frame_000030_rgb_anon.png,night,blurred,texture_seg,0.3241
GP020397_frame_000030_rgb_anon.png,night,lowcontrast,sobel_p75,0.8051
GP020397_frame_000030_rgb_anon.png,night,lowcontrast,canny_proj3,0.9233
GP020397_frame_000030_rgb_anon.png,night,lowcontrast,canny_proj3_preblur,0.8657
GP020397_frame_000030_rgb_anon.png,night,lowcontrast,texture_seg,0.3618
GP020397_frame_000069_rgb_anon.png,night,noisy,sobel_p75,0.2515
GP020397_frame_000069_rgb_anon.png,night,noisy,canny_proj3,0.1485
GP020397_frame_000069_rgb_anon.png,night,noisy,canny_proj3_preblur,0.3657
GP020397_frame_000069_rgb_anon.png,night,noisy,texture_seg,0.6148
GP020397_frame_000069_rgb_anon.png,night,blurred,sobel_p75,0.4862
GP020397_frame_000069_rgb_anon.png,night,blurred,canny_proj3,0.3371
GP020397_frame_000069_rgb_anon.png,night,blurred,canny_proj3_preblur,0.3505
GP020397_frame_000069_rgb_anon.png,night,blurred,texture_seg,0.7193
GP020397_frame_000069_rgb_anon.png,night,lowcontrast,sobel_p75,0.8210
GP020397_frame_000069_rgb_anon.png,night,lowcontrast,canny_proj3,0.9035
GP020397_frame_000069_rgb_anon.png,night,lowcontrast,canny_proj3_preblur,0.8555
GP020397_frame_000069_rgb_anon.png,night,lowcontrast,texture_seg,0.9603
GP020397_frame_000167_rgb_anon.png,night,noisy,sobel_p75,0.2646
GP020397_frame_000167_rgb_anon.png,night,noisy,canny_proj3,0.1748
GP020397_frame_000167_rgb_anon.png,night,noisy,canny_proj3_preblur,0.3720
GP020397_frame_000167_rgb_anon.png,night,noisy,texture_seg,0.9301
GP020397_frame_000167_rgb_anon.png,night,blurred,sobel_p75,0.4630
GP020397_frame_000167_rgb_anon.png,night,blurred,canny_proj3,0.2612
GP020397_frame_000167_rgb_anon.png,night,blurred,canny_proj3_preblur,0.2776
GP020397_frame_000167_rgb_anon.png,night,blurred,texture_seg,0.4770
GP020397_frame_000167_rgb_anon.png,night,lowcontrast,sobel_p75,0.8421
GP020397_frame_000167_rgb_anon.png,night,lowcontrast,canny_proj3,0.9187
GP020397_frame_000167_rgb_anon.png,night,lowcontrast,canny_proj3_preblur,0.8663
GP020397_frame_000167_rgb_anon.png,night,lowcontrast,texture_seg,0.9492
GP020397_frame_000425_rgb_anon.png,night,noisy,sobel_p75,0.2503
GP020397_frame_000425_rgb_anon.png,night,noisy,canny_proj3,0.1123
GP020397_frame_000425_rgb_anon.png,night,noisy,canny_proj3_preblur,0.3070
GP020397_frame_000425_rgb_anon.png,night,noisy,texture_seg,0.8388
GP020397_frame_000425_rgb_anon.png,night,blurred,sobel_p75,0.5054
GP020397_frame_000425_rgb_anon.png,night,blurred,canny_proj3,0.2536
GP020397_frame_000425_rgb_anon.png,night,blurred,canny_proj3_preblur,0.3120
GP020397_frame_000425_rgb_anon.png,night,blurred,texture_seg,0.4966
GP020397_frame_000425_rgb_anon.png,night,lowcontrast,sobel_p75,0.7483
GP020397_frame_000425_rgb_anon.png,night,lowcontrast,canny_proj3,0.8857
GP020397_frame_000425_rgb_anon.png,night,lowcontrast,canny_proj3_preblur,0.8546
GP020397_frame_000425_rgb_anon.png,night,lowcontrast,texture_seg,0.9505
GOPR0400_frame_000494_rgb_anon.png,rain,noisy,sobel_p75,0.2562
GOPR0400_frame_000494_rgb_anon.png,rain,noisy,canny_proj3,0.1136
GOPR0400_frame_000494_rgb_anon.png,rain,noisy,canny_proj3_preblur,0.3060
GOPR0400_frame_000494_rgb_anon.png,rain,noisy,texture_seg,0.8384
GOPR0400_frame_000494_rgb_anon.png,rain,blurred,sobel_p75,0.5617
GOPR0400_frame_000494_rgb_anon.png,rain,blurred,canny_proj3,0.1722
GOPR0400_frame_000494_rgb_anon.png,rain,blurred,canny_proj3_preblur,0.1815
GOPR0400_frame_000494_rgb_anon.png,rain,blurred,texture_seg,0.7129
GOPR0400_frame_000494_rgb_anon.png,rain,lowcontrast,sobel_p75,0.8641
GOPR0400_frame_000494_rgb_anon.png,rain,lowcontrast,canny_proj3,0.8961
GOPR0400_frame_000494_rgb_anon.png,rain,lowcontrast,canny_proj3_preblur,0.8398
GOPR0400_frame_000494_rgb_anon.png,rain,lowcontrast,texture_seg,0.8409
GOPR0400_frame_000683_rgb_anon.png,rain,noisy,sobel_p75,0.2984
GOPR0400_frame_000683_rgb_anon.png,rain,noisy,canny_proj3,0.1738
GOPR0400_frame_000683_rgb_anon.png,rain,noisy,canny_proj3_preblur,0.3500
GOPR0400_frame_000683_rgb_anon.png,rain,noisy,texture_seg,0.3818
GOPR0400_frame_000683_rgb_anon.png,rain,blurred,sobel_p75,0.5060
GOPR0400_frame_000683_rgb_anon.png,rain,blurred,canny_proj3,0.1150
GOPR0400_frame_000683_rgb_anon.png,rain,blurred,canny_proj3_preblur,0.1383
GOPR0400_frame_000683_rgb_anon.png,rain,blurred,texture_seg,0.7475
GOPR0400_frame_000683_rgb_anon.png,rain,lowcontrast,sobel_p75,0.9182
GOPR0400_frame_000683_rgb_anon.png,rain,lowcontrast,canny_proj3,0.9076
GOPR0400_frame_000683_rgb_anon.png,rain,lowcontrast,canny_proj3_preblur,0.8485
GOPR0400_frame_000683_rgb_anon.png,rain,lowcontrast,texture_seg,0.8655
GOPR0400_frame_000727_rgb_anon.png,rain,noisy,sobel_p75,0.2639
GOPR0400_frame_000727_rgb_anon.png,rain,noisy,canny_proj3,0.1235
GOPR0400_frame_000727_rgb_anon.png,rain,noisy,canny_proj3_preblur,0.2962
GOPR0400_frame_000727_rgb_anon.png,rain,noisy,texture_seg,0.8947
GOPR0400_frame_000727_rgb_anon.png,rain,blurred,sobel_p75,0.5679
GOPR0400_frame_000727_rgb_anon.png,rain,blurred,canny_proj3,0.2231
GOPR0400_frame_000727_rgb_anon.png,rain,blurred,canny_proj3_preblur,0.2255
GOPR0400_frame_000727_rgb_anon.png,rain,blurred,texture_seg,0.8905
GOPR0400_frame_000727_rgb_anon.png,rain,lowcontrast,sobel_p75,0.8930
GOPR0400_frame_000727_rgb_anon.png,rain,lowcontrast,canny_proj3,0.8971
GOPR0400_frame_000727_rgb_anon.png,rain,lowcontrast,canny_proj3_preblur,0.8266
GOPR0400_frame_000727_rgb_anon.png,rain,lowcontrast,texture_seg,0.8720
GOPR0400_frame_000783_rgb_anon.png,rain,noisy,sobel_p75,0.3135
GOPR0400_frame_000783_rgb_anon.png,rain,noisy,canny_proj3,0.1561
GOPR0400_frame_000783_rgb_anon.png,rain,noisy,canny_proj3_preblur,0.2776
GOPR0400_frame_000783_rgb_anon.png,rain,noisy,texture_seg,0.7016
GOPR0400_frame_000783_rgb_anon.png,rain,blurred,sobel_p75,0.5688
GOPR0400_frame_000783_rgb_anon.png,rain,blurred,canny_proj3,0.2367
GOPR0400_frame_000783_rgb_anon.png,rain,blurred,canny_proj3_preblur,0.2452
GOPR0400_frame_000783_rgb_anon.png,rain,blurred,texture_seg,0.7897
GOPR0400_frame_000783_rgb_anon.png,rain,lowcontrast,sobel_p75,0.9370
GOPR0400_frame_000783_rgb_anon.png,rain,lowcontrast,canny_proj3,0.9191
GOPR0400_frame_000783_rgb_anon.png,rain,lowcontrast,canny_proj3_preblur,0.8679
GOPR0400_frame_000783_rgb_anon.png,rain,lowcontrast,texture_seg,0.7769
GOPR0400_frame_000829_rgb_anon.png,rain,noisy,sobel_p75,0.3405
GOPR0400_frame_000829_rgb_anon.png,rain,noisy,canny_proj3,0.2715
GOPR0400_frame_000829_rgb_anon.png,rain,noisy,canny_proj3_preblur,0.4091
GOPR0400_frame_000829_rgb_anon.png,rain,noisy,texture_seg,0.8465
GOPR0400_frame_000829_rgb_anon.png,rain,blurred,sobel_p75,0.5449
GOPR0400_frame_000829_rgb_anon.png,rain,blurred,canny_proj3,0.1721
GOPR0400_frame_000829_rgb_anon.png,rain,blurred,canny_proj3_preblur,0.1663
GOPR0400_frame_000829_rgb_anon.png,rain,blurred,texture_seg,0.6647
GOPR0400_frame_000829_rgb_anon.png,rain,lowcontrast,sobel_p75,0.9346
GOPR0400_frame_000829_rgb_anon.png,rain,lowcontrast,canny_proj3,0.9188
GOPR0400_frame_000829_rgb_anon.png,rain,lowcontrast,canny_proj3_preblur,0.8736
GOPR0400_frame_000829_rgb_anon.png,rain,lowcontrast,texture_seg,0.5620
GOPR0400_frame_000960_rgb_anon.png,rain,noisy,sobel_p75,0.3288
GOPR0400_frame_000960_rgb_anon.png,rain,noisy,canny_proj3,0.1938
GOPR0400_frame_000960_rgb_anon.png,rain,noisy,canny_proj3_preblur,0.3539
GOPR0400_frame_000960_rgb_anon.png,rain,noisy,texture_seg,0.8485
GOPR0400_frame_000960_rgb_anon.png,rain,blurred,sobel_p75,0.5122
GOPR0400_frame_000960_rgb_anon.png,rain,blurred,canny_proj3,0.1635
GOPR0400_frame_000960_rgb_anon.png,rain,blurred,canny_proj3_preblur,0.1706
GOPR0400_frame_000960_rgb_anon.png,rain,blurred,texture_seg,0.7996
GOPR0400_frame_000960_rgb_anon.png,rain,lowcontrast,sobel_p75,0.9289
GOPR0400_frame_000960_rgb_anon.png,rain,lowcontrast,canny_proj3,0.9125
GOPR0400_frame_000960_rgb_anon.png,rain,lowcontrast,canny_proj3_preblur,0.8629
GOPR0400_frame_000960_rgb_anon.png,rain,lowcontrast,texture_seg,0.8330
GOPR0402_frame_000511_rgb_anon.png,rain,noisy,sobel_p75,0.5481
GOPR0402_frame_000511_rgb_anon.png,rain,noisy,canny_proj3,0.4209
GOPR0402_frame_000511_rgb_anon.png,rain,noisy,canny_proj3_preblur,0.5700
GOPR0402_frame_000511_rgb_anon.png,rain,noisy,texture_seg,0.8798
GOPR0402_frame_000511_rgb_anon.png,rain,blurred,sobel_p75,0.5418
GOPR0402_frame_000511_rgb_anon.png,rain,blurred,canny_proj3,0.1652
GOPR0402_frame_000511_rgb_anon.png,rain,blurred,canny_proj3_preblur,0.1587
GOPR0402_frame_000511_rgb_anon.png,rain,blurred,texture_seg,0.5396
GOPR0402_frame_000511_rgb_anon.png,rain,lowcontrast,sobel_p75,0.9753
GOPR0402_frame_000511_rgb_anon.png,rain,lowcontrast,canny_proj3,0.9512
GOPR0402_frame_000511_rgb_anon.png,rain,lowcontrast,canny_proj3_preblur,0.9135
GOPR0402_frame_000511_rgb_anon.png,rain,lowcontrast,texture_seg,0.8825
GOPR0402_frame_000874_rgb_anon.png,rain,noisy,sobel_p75,0.3492
GOPR0402_frame_000874_rgb_anon.png,rain,noisy,canny_proj3,0.2906
GOPR0402_frame_000874_rgb_anon.png,rain,noisy,canny_proj3_preblur,0.4332
GOPR0402_frame_000874_rgb_anon.png,rain,noisy,texture_seg,0.8701
GOPR0402_frame_000874_rgb_anon.png,rain,blurred,sobel_p75,0.4980
GOPR0402_frame_000874_rgb_anon.png,rain,blurred,canny_proj3,0.1566
GOPR0402_frame_000874_rgb_anon.png,rain,blurred,canny_proj3_preblur,0.1594
GOPR0402_frame_000874_rgb_anon.png,rain,blurred,texture_seg,0.6801
GOPR0402_frame_000874_rgb_anon.png,rain,lowcontrast,sobel_p75,0.9432
GOPR0402_frame_000874_rgb_anon.png,rain,lowcontrast,canny_proj3,0.9206
GOPR0402_frame_000874_rgb_anon.png,rain,lowcontrast,canny_proj3_preblur,0.8772
GOPR0402_frame_000874_rgb_anon.png,rain,lowcontrast,texture_seg,0.9006
GP010400_frame_000042_rgb_anon.png,rain,noisy,sobel_p75,0.3563
GP010400_frame_000042_rgb_anon.png,rain,noisy,canny_proj3,0.2806
GP010400_frame_000042_rgb_anon.png,rain,noisy,canny_proj3_preblur,0.4483
GP010400_frame_000042_rgb_anon.png,rain,noisy,texture_seg,0.8825
GP010400_frame_000042_rgb_anon.png,rain,blurred,sobel_p75,0.5477
GP010400_frame_000042_rgb_anon.png,rain,blurred,canny_proj3,0.1404
GP010400_frame_000042_rgb_anon.png,rain,blurred,canny_proj3_preblur,0.1411
GP010400_frame_000042_rgb_anon.png,rain,blurred,texture_seg,0.7844
GP010400_frame_000042_rgb_anon.png,rain,lowcontrast,sobel_p75,0.9389
GP010400_frame_000042_rgb_anon.png,rain,lowcontrast,canny_proj3,0.9225
GP010400_frame_000042_rgb_anon.png,rain,lowcontrast,canny_proj3_preblur,0.8844
GP010400_frame_000042_rgb_anon.png,rain,lowcontrast,texture_seg,0.8730
GP010400_frame_000087_rgb_anon.png,rain,noisy,sobel_p75,0.3374
GP010400_frame_000087_rgb_anon.png,rain,noisy,canny_proj3,0.2036
GP010400_frame_000087_rgb_anon.png,rain,noisy,canny_proj3_preblur,0.4025
GP010400_frame_000087_rgb_anon.png,rain,noisy,texture_seg,0.7980
GP010400_frame_000087_rgb_anon.png,rain,blurred,sobel_p75,0.4965
GP010400_frame_000087_rgb_anon.png,rain,blurred,canny_proj3,0.2029
GP010400_frame_000087_rgb_anon.png,rain,blurred,canny_proj3_preblur,0.1970
GP010400_frame_000087_rgb_anon.png,rain,blurred,texture_seg,0.6039
GP010400_frame_000087_rgb_anon.png,rain,lowcontrast,sobel_p75,0.9379
GP010400_frame_000087_rgb_anon.png,rain,lowcontrast,canny_proj3,0.9269
GP010400_frame_000087_rgb_anon.png,rain,lowcontrast,canny_proj3_preblur,0.8827
GP010400_frame_000087_rgb_anon.png,rain,lowcontrast,texture_seg,0.7816
GP010400_frame_000519_rgb_anon.png,rain,noisy,sobel_p75,0.3336
GP010400_frame_000519_rgb_anon.png,rain,noisy,canny_proj3,0.2058
GP010400_frame_000519_rgb_anon.png,rain,noisy,canny_proj3_preblur,0.3582
GP010400_frame_000519_rgb_anon.png,rain,noisy,texture_seg,0.7175
GP010400_frame_000519_rgb_anon.png,rain,blurred,sobel_p75,0.4982
GP010400_frame_000519_rgb_anon.png,rain,blurred,canny_proj3,0.1717
GP010400_frame_000519_rgb_anon.png,rain,blurred,canny_proj3_preblur,0.1790
GP010400_frame_000519_rgb_anon.png,rain,blurred,texture_seg,0.6611
GP010400_frame_000519_rgb_anon.png,rain,lowcontrast,sobel_p75,0.9337
GP010400_frame_000519_rgb_anon.png,rain,lowcontrast,canny_proj3,0.9110
GP010400_frame_000519_rgb_anon.png,rain,lowcontrast,canny_proj3_preblur,0.8601
GP010400_frame_000519_rgb_anon.png,rain,lowcontrast,texture_seg,0.7738
GP010400_frame_000543_rgb_anon.png,rain,noisy,sobel_p75,0.3039
GP010400_frame_000543_rgb_anon.png,rain,noisy,canny_proj3,0.1792
GP010400_frame_000543_rgb_anon.png,rain,noisy,canny_proj3_preblur,0.3579
GP010400_frame_000543_rgb_anon.png,rain,noisy,texture_seg,0.8584
GP010400_frame_000543_rgb_anon.png,rain,blurred,sobel_p75,0.5645
GP010400_frame_000543_rgb_anon.png,rain,blurred,canny_proj3,0.1882
GP010400_frame_000543_rgb_anon.png,rain,blurred,canny_proj3_preblur,0.2041
GP010400_frame_000543_rgb_anon.png,rain,blurred,texture_seg,0.8250
GP010400_frame_000543_rgb_anon.png,rain,lowcontrast,sobel_p75,0.9110
GP010400_frame_000543_rgb_anon.png,rain,lowcontrast,canny_proj3,0.9209
GP010400_frame_000543_rgb_anon.png,rain,lowcontrast,canny_proj3_preblur,0.8662
GP010400_frame_000543_rgb_anon.png,rain,lowcontrast,texture_seg,0.8759
GP010400_frame_000597_rgb_anon.png,rain,noisy,sobel_p75,0.3517
GP010400_frame_000597_rgb_anon.png,rain,noisy,canny_proj3,0.2431
GP010400_frame_000597_rgb_anon.png,rain,noisy,canny_proj3_preblur,0.3929
GP010400_frame_000597_rgb_anon.png,rain,noisy,texture_seg,0.8783
GP010400_frame_000597_rgb_anon.png,rain,blurred,sobel_p75,0.5387
GP010400_frame_000597_rgb_anon.png,rain,blurred,canny_proj3,0.2278
GP010400_frame_000597_rgb_anon.png,rain,blurred,canny_proj3_preblur,0.2327
GP010400_frame_000597_rgb_anon.png,rain,blurred,texture_seg,0.7768
GP010400_frame_000597_rgb_anon.png,rain,lowcontrast,sobel_p75,0.9351
GP010400_frame_000597_rgb_anon.png,rain,lowcontrast,canny_proj3,0.9239
GP010400_frame_000597_rgb_anon.png,rain,lowcontrast,canny_proj3_preblur,0.8699
GP010400_frame_000597_rgb_anon.png,rain,lowcontrast,texture_seg,0.9131
GP010402_frame_000058_rgb_anon.png,rain,noisy,sobel_p75,0.3252
GP010402_frame_000058_rgb_anon.png,rain,noisy,canny_proj3,0.2407
GP010402_frame_000058_rgb_anon.png,rain,noisy,canny_proj3_preblur,0.4126
GP010402_frame_000058_rgb_anon.png,rain,noisy,texture_seg,0.8786
GP010402_frame_000058_rgb_anon.png,rain,blurred,sobel_p75,0.5548
GP010402_frame_000058_rgb_anon.png,rain,blurred,canny_proj3,0.1684
GP010402_frame_000058_rgb_anon.png,rain,blurred,canny_proj3_preblur,0.1753
GP010402_frame_000058_rgb_anon.png,rain,blurred,texture_seg,0.7679
GP010402_frame_000058_rgb_anon.png,rain,lowcontrast,sobel_p75,0.9099
GP010402_frame_000058_rgb_anon.png,rain,lowcontrast,canny_proj3,0.9139
GP010402_frame_000058_rgb_anon.png,rain,lowcontrast,canny_proj3_preblur,0.8678
GP010402_frame_000058_rgb_anon.png,rain,lowcontrast,texture_seg,0.8692
GP010402_frame_000078_rgb_anon.png,rain,noisy,sobel_p75,0.3340
GP010402_frame_000078_rgb_anon.png,rain,noisy,canny_proj3,0.2529
GP010402_frame_000078_rgb_anon.png,rain,noisy,canny_proj3_preblur,0.4200
GP010402_frame_000078_rgb_anon.png,rain,noisy,texture_seg,0.6762
GP010402_frame_000078_rgb_anon.png,rain,blurred,sobel_p75,0.5336
GP010402_frame_000078_rgb_anon.png,rain,blurred,canny_proj3,0.1562
GP010402_frame_000078_rgb_anon.png,rain,blurred,canny_proj3_preblur,0.1660
GP010402_frame_000078_rgb_anon.png,rain,blurred,texture_seg,0.7854
GP010402_frame_000078_rgb_anon.png,rain,lowcontrast,sobel_p75,0.9422
GP010402_frame_000078_rgb_anon.png,rain,lowcontrast,canny_proj3,0.9126
GP010402_frame_000078_rgb_anon.png,rain,lowcontrast,canny_proj3_preblur,0.8556
GP010402_frame_000078_rgb_anon.png,rain,lowcontrast,texture_seg,0.8743
GP020400_frame_000365_rgb_anon.png,rain,noisy,sobel_p75,0.3550
GP020400_frame_000365_rgb_anon.png,rain,noisy,canny_proj3,0.2026
GP020400_frame_000365_rgb_anon.png,rain,noisy,canny_proj3_preblur,0.3359
GP020400_frame_000365_rgb_anon.png,rain,noisy,texture_seg,0.6974
GP020400_frame_000365_rgb_anon.png,rain,blurred,sobel_p75,0.5331
GP020400_frame_000365_rgb_anon.png,rain,blurred,canny_proj3,0.1904
GP020400_frame_000365_rgb_anon.png,rain,blurred,canny_proj3_preblur,0.2042
GP020400_frame_000365_rgb_anon.png,rain,blurred,texture_seg,0.7595
GP020400_frame_000365_rgb_anon.png,rain,lowcontrast,sobel_p75,0.9357
GP020400_frame_000365_rgb_anon.png,rain,lowcontrast,canny_proj3,0.9035
GP020400_frame_000365_rgb_anon.png,rain,lowcontrast,canny_proj3_preblur,0.8576
GP020400_frame_000365_rgb_anon.png,rain,lowcontrast,texture_seg,0.7598
GP020400_frame_000640_rgb_anon.png,rain,noisy,sobel_p75,0.3024
GP020400_frame_000640_rgb_anon.png,rain,noisy,canny_proj3,0.1514
GP020400_frame_000640_rgb_anon.png,rain,noisy,canny_proj3_preblur,0.2943
GP020400_frame_000640_rgb_anon.png,rain,noisy,texture_seg,0.8405
GP020400_frame_000640_rgb_anon.png,rain,blurred,sobel_p75,0.5293
GP020400_frame_000640_rgb_anon.png,rain,blurred,canny_proj3,0.1902
GP020400_frame_000640_rgb_anon.png,rain,blurred,canny_proj3_preblur,0.1926
GP020400_frame_000640_rgb_anon.png,rain,blurred,texture_seg,0.8172
GP020400_frame_000640_rgb_anon.png,rain,lowcontrast,sobel_p75,0.9290
GP020400_frame_000640_rgb_anon.png,rain,lowcontrast,canny_proj3,0.9079
GP020400_frame_000640_rgb_anon.png,rain,lowcontrast,canny_proj3_preblur,0.8487
GP020400_frame_000640_rgb_anon.png,rain,lowcontrast,texture_seg,0.9261
GP020400_frame_000953_rgb_anon.png,rain,noisy,sobel_p75,0.2309
GP020400_frame_000953_rgb_anon.png,rain,noisy,canny_proj3,0.0694
GP020400_frame_000953_rgb_anon.png,rain,noisy,canny_proj3_preblur,0.1618
GP020400_frame_000953_rgb_anon.png,rain,noisy,texture_seg,0.8940
GP020400_frame_000953_rgb_anon.png,rain,blurred,sobel_p75,0.5430
GP020400_frame_000953_rgb_anon.png,rain,blurred,canny_proj3,0.1607
GP020400_frame_000953_rgb_anon.png,rain,blurred,canny_proj3_preblur,0.1803
GP020400_frame_000953_rgb_anon.png,rain,blurred,texture_seg,0.6474
GP020400_frame_000953_rgb_anon.png,rain,lowcontrast,sobel_p75,0.8365
GP020400_frame_000953_rgb_anon.png,rain,lowcontrast,canny_proj3,0.8799
GP020400_frame_000953_rgb_anon.png,rain,lowcontrast,canny_proj3_preblur,0.7977
GP020400_frame_000953_rgb_anon.png,rain,lowcontrast,texture_seg,0.8676
GP020402_frame_000424_rgb_anon.png,rain,noisy,sobel_p75,0.2875
GP020402_frame_000424_rgb_anon.png,rain,noisy,canny_proj3,0.1866
GP020402_frame_000424_rgb_anon.png,rain,noisy,canny_proj3_preblur,0.3427
GP020402_frame_000424_rgb_anon.png,rain,noisy,texture_seg,0.9118
GP020402_frame_000424_rgb_anon.png,rain,blurred,sobel_p75,0.5971
GP020402_frame_000424_rgb_anon.png,rain,blurred,canny_proj3,0.1902
GP020402_frame_000424_rgb_anon.png,rain,blurred,canny_proj3_preblur,0.1920
GP020402_frame_000424_rgb_anon.png,rain,blurred,texture_seg,0.8591
GP020402_frame_000424_rgb_anon.png,rain,lowcontrast,sobel_p75,0.9101
GP020402_frame_000424_rgb_anon.png,rain,lowcontrast,canny_proj3,0.8928
GP020402_frame_000424_rgb_anon.png,rain,lowcontrast,canny_proj3_preblur,0.8302
GP020402_frame_000424_rgb_anon.png,rain,lowcontrast,texture_seg,0.9406
GP020571_frame_000646_rgb_anon.png,rain,noisy,sobel_p75,0.3376
GP020571_frame_000646_rgb_anon.png,rain,noisy,canny_proj3,0.2435
GP020571_frame_000646_rgb_anon.png,rain,noisy,canny_proj3_preblur,0.4649
GP020571_frame_000646_rgb_anon.png,rain,noisy,texture_seg,0.8584
GP020571_frame_000646_rgb_anon.png,rain,blurred,sobel_p75,0.5416
GP020571_frame_000646_rgb_anon.png,rain,blurred,canny_proj3,0.1808
GP020571_frame_000646_rgb_anon.png,rain,blurred,canny_proj3_preblur,0.1883
GP020571_frame_000646_rgb_anon.png,rain,blurred,texture_seg,0.6495
GP020571_frame_000646_rgb_anon.png,rain,lowcontrast,sobel_p75,0.9423
GP020571_frame_000646_rgb_anon.png,rain,lowcontrast,canny_proj3,0.9329
GP020571_frame_000646_rgb_anon.png,rain,lowcontrast,canny_proj3_preblur,0.8974
GP020571_frame_000646_rgb_anon.png,rain,lowcontrast,texture_seg,0.6971
GOPR0604_frame_000568_rgb_anon.png,snow,noisy,sobel_p75,0.4073
GOPR0604_frame_000568_rgb_anon.png,snow,noisy,canny_proj3,0.2670
GOPR0604_frame_000568_rgb_anon.png,snow,noisy,canny_proj3_preblur,0.4827
GOPR0604_frame_000568_rgb_anon.png,snow,noisy,texture_seg,0.7951
GOPR0604_frame_000568_rgb_anon.png,snow,blurred,sobel_p75,0.5367
GOPR0604_frame_000568_rgb_anon.png,snow,blurred,canny_proj3,0.1975
GOPR0604_frame_000568_rgb_anon.png,snow,blurred,canny_proj3_preblur,0.1990
GOPR0604_frame_000568_rgb_anon.png,snow,blurred,texture_seg,0.8375
GOPR0604_frame_000568_rgb_anon.png,snow,lowcontrast,sobel_p75,0.9645
GOPR0604_frame_000568_rgb_anon.png,snow,lowcontrast,canny_proj3,0.9403
GOPR0604_frame_000568_rgb_anon.png,snow,lowcontrast,canny_proj3_preblur,0.9055
GOPR0604_frame_000568_rgb_anon.png,snow,lowcontrast,texture_seg,0.7257
GOPR0604_frame_000672_rgb_anon.png,snow,noisy,sobel_p75,0.3923
GOPR0604_frame_000672_rgb_anon.png,snow,noisy,canny_proj3,0.2112
GOPR0604_frame_000672_rgb_anon.png,snow,noisy,canny_proj3_preblur,0.3541
GOPR0604_frame_000672_rgb_anon.png,snow,noisy,texture_seg,0.8435
GOPR0604_frame_000672_rgb_anon.png,snow,blurred,sobel_p75,0.5287
GOPR0604_frame_000672_rgb_anon.png,snow,blurred,canny_proj3,0.2670
GOPR0604_frame_000672_rgb_anon.png,snow,blurred,canny_proj3_preblur,0.2550
GOPR0604_frame_000672_rgb_anon.png,snow,blurred,texture_seg,0.8267
GOPR0604_frame_000672_rgb_anon.png,snow,lowcontrast,sobel_p75,0.9636
GOPR0604_frame_000672_rgb_anon.png,snow,lowcontrast,canny_proj3,0.9248
GOPR0604_frame_000672_rgb_anon.png,snow,lowcontrast,canny_proj3_preblur,0.8732
GOPR0604_frame_000672_rgb_anon.png,snow,lowcontrast,texture_seg,0.8984
GOPR0604_frame_000709_rgb_anon.png,snow,noisy,sobel_p75,0.4187
GOPR0604_frame_000709_rgb_anon.png,snow,noisy,canny_proj3,0.2660
GOPR0604_frame_000709_rgb_anon.png,snow,noisy,canny_proj3_preblur,0.4205
GOPR0604_frame_000709_rgb_anon.png,snow,noisy,texture_seg,0.9345
GOPR0604_frame_000709_rgb_anon.png,snow,blurred,sobel_p75,0.4898
GOPR0604_frame_000709_rgb_anon.png,snow,blurred,canny_proj3,0.1605
GOPR0604_frame_000709_rgb_anon.png,snow,blurred,canny_proj3_preblur,0.1671
GOPR0604_frame_000709_rgb_anon.png,snow,blurred,texture_seg,0.8470
GOPR0604_frame_000709_rgb_anon.png,snow,lowcontrast,sobel_p75,0.9678
GOPR0604_frame_000709_rgb_anon.png,snow,lowcontrast,canny_proj3,0.9311
GOPR0604_frame_000709_rgb_anon.png,snow,lowcontrast,canny_proj3_preblur,0.8782
GOPR0604_frame_000709_rgb_anon.png,snow,lowcontrast,texture_seg,0.9267
GOPR0606_frame_000513_rgb_anon.png,snow,noisy,sobel_p75,0.5061
GOPR0606_frame_000513_rgb_anon.png,snow,noisy,canny_proj3,0.3057
GOPR0606_frame_000513_rgb_anon.png,snow,noisy,canny_proj3_preblur,0.4117
GOPR0606_frame_000513_rgb_anon.png,snow,noisy,texture_seg,0.7245
GOPR0606_frame_000513_rgb_anon.png,snow,blurred,sobel_p75,0.4102
GOPR0606_frame_000513_rgb_anon.png,snow,blurred,canny_proj3,0.2004
GOPR0606_frame_000513_rgb_anon.png,snow,blurred,canny_proj3_preblur,0.1902
GOPR0606_frame_000513_rgb_anon.png,snow,blurred,texture_seg,0.6596
GOPR0606_frame_000513_rgb_anon.png,snow,lowcontrast,sobel_p75,0.9740
GOPR0606_frame_000513_rgb_anon.png,snow,lowcontrast,canny_proj3,0.9356
GOPR0606_frame_000513_rgb_anon.png,snow,lowcontrast,canny_proj3_preblur,0.8833
GOPR0606_frame_000513_rgb_anon.png,snow,lowcontrast,texture_seg,0.7806
GOPR0607_frame_000058_rgb_anon.png,snow,noisy,sobel_p75,0.4503
GOPR0607_frame_000058_rgb_anon.png,snow,noisy,canny_proj3,0.2863
GOPR0607_frame_000058_rgb_anon.png,snow,noisy,canny_proj3_preblur,0.4194
GOPR0607_frame_000058_rgb_anon.png,snow,noisy,texture_seg,0.5916
GOPR0607_frame_000058_rgb_anon.png,snow,blurred,sobel_p75,0.4497
GOPR0607_frame_000058_rgb_anon.png,snow,blurred,canny_proj3,0.1812
GOPR0607_frame_000058_rgb_anon.png,snow,blurred,canny_proj3_preblur,0.1892
GOPR0607_frame_000058_rgb_anon.png,snow,blurred,texture_seg,0.5905
GOPR0607_frame_000058_rgb_anon.png,snow,lowcontrast,sobel_p75,0.9671
GOPR0607_frame_000058_rgb_anon.png,snow,lowcontrast,canny_proj3,0.9328
GOPR0607_frame_000058_rgb_anon.png,snow,lowcontrast,canny_proj3_preblur,0.8862
GOPR0607_frame_000058_rgb_anon.png,snow,lowcontrast,texture_seg,0.6062
GOPR0607_frame_000266_rgb_anon.png,snow,noisy,sobel_p75,0.3363
GOPR0607_frame_000266_rgb_anon.png,snow,noisy,canny_proj3,0.2123
GOPR0607_frame_000266_rgb_anon.png,snow,noisy,canny_proj3_preblur,0.3701
GOPR0607_frame_000266_rgb_anon.png,snow,noisy,texture_seg,0.8473
GOPR0607_frame_000266_rgb_anon.png,snow,blurred,sobel_p75,0.4646
GOPR0607_frame_000266_rgb_anon.png,snow,blurred,canny_proj3,0.1769
GOPR0607_frame_000266_rgb_anon.png,snow,blurred,canny_proj3_preblur,0.1806
GOPR0607_frame_000266_rgb_anon.png,snow,blurred,texture_seg,0.7518
GOPR0607_frame_000266_rgb_anon.png,snow,lowcontrast,sobel_p75,0.9490
GOPR0607_frame_000266_rgb_anon.png,snow,lowcontrast,canny_proj3,0.9226
GOPR0607_frame_000266_rgb_anon.png,snow,lowcontrast,canny_proj3_preblur,0.8806
GOPR0607_frame_000266_rgb_anon.png,snow,lowcontrast,texture_seg,0.7288
GOPR0607_frame_000302_rgb_anon.png,snow,noisy,sobel_p75,0.3619
GOPR0607_frame_000302_rgb_anon.png,snow,noisy,canny_proj3,0.2157
GOPR0607_frame_000302_rgb_anon.png,snow,noisy,canny_proj3_preblur,0.3933
GOPR0607_frame_000302_rgb_anon.png,snow,noisy,texture_seg,0.7836
GOPR0607_frame_000302_rgb_anon.png,snow,blurred,sobel_p75,0.4610
GOPR0607_frame_000302_rgb_anon.png,snow,blurred,canny_proj3,0.1861
GOPR0607_frame_000302_rgb_anon.png,snow,blurred,canny_proj3_preblur,0.1825
GOPR0607_frame_000302_rgb_anon.png,snow,blurred,texture_seg,0.6049
GOPR0607_frame_000302_rgb_anon.png,snow,lowcontrast,sobel_p75,0.9318
GOPR0607_frame_000302_rgb_anon.png,snow,lowcontrast,canny_proj3,0.9233
GOPR0607_frame_000302_rgb_anon.png,snow,lowcontrast,canny_proj3_preblur,0.8715
GOPR0607_frame_000302_rgb_anon.png,snow,lowcontrast,texture_seg,0.7982
GOPR0607_frame_000776_rgb_anon.png,snow,noisy,sobel_p75,0.2824
GOPR0607_frame_000776_rgb_anon.png,snow,noisy,canny_proj3,0.1382
GOPR0607_frame_000776_rgb_anon.png,snow,noisy,canny_proj3_preblur,0.2482
GOPR0607_frame_000776_rgb_anon.png,snow,noisy,texture_seg,0.8359
GOPR0607_frame_000776_rgb_anon.png,snow,blurred,sobel_p75,0.4666
GOPR0607_frame_000776_rgb_anon.png,snow,blurred,canny_proj3,0.2027
GOPR0607_frame_000776_rgb_anon.png,snow,blurred,canny_proj3_preblur,0.2199
GOPR0607_frame_000776_rgb_anon.png,snow,blurred,texture_seg,0.6148
GOPR0607_frame_000776_rgb_anon.png,snow,lowcontrast,sobel_p75,0.9262
GOPR0607_frame_000776_rgb_anon.png,snow,lowcontrast,canny_proj3,0.8950
GOPR0607_frame_000776_rgb_anon.png,snow,lowcontrast,canny_proj3_preblur,0.8306
GOPR0607_frame_000776_rgb_anon.png,snow,lowcontrast,texture_seg,0.6179
GOPR0607_frame_000844_rgb_anon.png,snow,noisy,sobel_p75,0.4209
GOPR0607_frame_000844_rgb_anon.png,snow,noisy,canny_proj3,0.2447
GOPR0607_frame_000844_rgb_anon.png,snow,noisy,canny_proj3_preblur,0.3811
GOPR0607_frame_000844_rgb_anon.png,snow,noisy,texture_seg,0.7733
GOPR0607_frame_000844_rgb_anon.png,snow,blurred,sobel_p75,0.4481
GOPR0607_frame_000844_rgb_anon.png,snow,blurred,canny_proj3,0.1724
GOPR0607_frame_000844_rgb_anon.png,snow,blurred,canny_proj3_preblur,0.1741
GOPR0607_frame_000844_rgb_anon.png,snow,blurred,texture_seg,0.8021
GOPR0607_frame_000844_rgb_anon.png,snow,lowcontrast,sobel_p75,0.9648
GOPR0607_frame_000844_rgb_anon.png,snow,lowcontrast,canny_proj3,0.9250
GOPR0607_frame_000844_rgb_anon.png,snow,lowcontrast,canny_proj3_preblur,0.8733
GOPR0607_frame_000844_rgb_anon.png,snow,lowcontrast,texture_seg,0.7353
GOPR0607_frame_000873_rgb_anon.png,snow,noisy,sobel_p75,0.3862
GOPR0607_frame_000873_rgb_anon.png,snow,noisy,canny_proj3,0.2326
GOPR0607_frame_000873_rgb_anon.png,snow,noisy,canny_proj3_preblur,0.3717
GOPR0607_frame_000873_rgb_anon.png,snow,noisy,texture_seg,0.8088
GOPR0607_frame_000873_rgb_anon.png,snow,blurred,sobel_p75,0.4848
GOPR0607_frame_000873_rgb_anon.png,snow,blurred,canny_proj3,0.2085
GOPR0607_frame_000873_rgb_anon.png,snow,blurred,canny_proj3_preblur,0.2109
GOPR0607_frame_000873_rgb_anon.png,snow,blurred,texture_seg,0.6193
GOPR0607_frame_000873_rgb_anon.png,snow,lowcontrast,sobel_p75,0.9621
GOPR0607_frame_000873_rgb_anon.png,snow,lowcontrast,canny_proj3,0.9228
GOPR0607_frame_000873_rgb_anon.png,snow,lowcontrast,canny_proj3_preblur,0.8723
GOPR0607_frame_000873_rgb_anon.png,snow,lowcontrast,texture_seg,0.7888
GP010122_frame_001029_rgb_anon.png,snow,noisy,sobel_p75,0.4143
GP010122_frame_001029_rgb_anon.png,snow,noisy,canny_proj3,0.2284
GP010122_frame_001029_rgb_anon.png,snow,noisy,canny_proj3_preblur,0.3725
GP010122_frame_001029_rgb_anon.png,snow,noisy,texture_seg,0.6648
GP010122_frame_001029_rgb_anon.png,snow,blurred,sobel_p75,0.5168
GP010122_frame_001029_rgb_anon.png,snow,blurred,canny_proj3,0.2217
GP010122_frame_001029_rgb_anon.png,snow,blurred,canny_proj3_preblur,0.2135
GP010122_frame_001029_rgb_anon.png,snow,blurred,texture_seg,0.7719
GP010122_frame_001029_rgb_anon.png,snow,lowcontrast,sobel_p75,0.9683
GP010122_frame_001029_rgb_anon.png,snow,lowcontrast,canny_proj3,0.9260
GP010122_frame_001029_rgb_anon.png,snow,lowcontrast,canny_proj3_preblur,0.8750
GP010122_frame_001029_rgb_anon.png,snow,lowcontrast,texture_seg,0.7657
GP010607_frame_000138_rgb_anon.png,snow,noisy,sobel_p75,0.2708
GP010607_frame_000138_rgb_anon.png,snow,noisy,canny_proj3,0.1206
GP010607_frame_000138_rgb_anon.png,snow,noisy,canny_proj3_preblur,0.1831
GP010607_frame_000138_rgb_anon.png,snow,noisy,texture_seg,0.8617
GP010607_frame_000138_rgb_anon.png,snow,blurred,sobel_p75,0.5093
GP010607_frame_000138_rgb_anon.png,snow,blurred,canny_proj3,0.1808
GP010607_frame_000138_rgb_anon.png,snow,blurred,canny_proj3_preblur,0.1837
GP010607_frame_000138_rgb_anon.png,snow,blurred,texture_seg,0.7100
GP010607_frame_000138_rgb_anon.png,snow,lowcontrast,sobel_p75,0.9273
GP010607_frame_000138_rgb_anon.png,snow,lowcontrast,canny_proj3,0.8807
GP010607_frame_000138_rgb_anon.png,snow,lowcontrast,canny_proj3_preblur,0.8078
GP010607_frame_000138_rgb_anon.png,snow,lowcontrast,texture_seg,0.6965
GP010607_frame_000768_rgb_anon.png,snow,noisy,sobel_p75,0.2838
GP010607_frame_000768_rgb_anon.png,snow,noisy,canny_proj3,0.1348
GP010607_frame_000768_rgb_anon.png,snow,noisy,canny_proj3_preblur,0.3174
GP010607_frame_000768_rgb_anon.png,snow,noisy,texture_seg,0.8509
GP010607_frame_000768_rgb_anon.png,snow,blurred,sobel_p75,0.5604
GP010607_frame_000768_rgb_anon.png,snow,blurred,canny_proj3,0.1765
GP010607_frame_000768_rgb_anon.png,snow,blurred,canny_proj3_preblur,0.1794
GP010607_frame_000768_rgb_anon.png,snow,blurred,texture_seg,0.8379
GP010607_frame_000768_rgb_anon.png,snow,lowcontrast,sobel_p75,0.9379
GP010607_frame_000768_rgb_anon.png,snow,lowcontrast,canny_proj3,0.9136
GP010607_frame_000768_rgb_anon.png,snow,lowcontrast,canny_proj3_preblur,0.8619
GP010607_frame_000768_rgb_anon.png,snow,lowcontrast,texture_seg,0.6922
GP040176_frame_000169_rgb_anon.png,snow,noisy,sobel_p75,0.3560
GP040176_frame_000169_rgb_anon.png,snow,noisy,canny_proj3,0.2038
GP040176_frame_000169_rgb_anon.png,snow,noisy,canny_proj3_preblur,0.3285
GP040176_frame_000169_rgb_anon.png,snow,noisy,texture_seg,0.6006
GP040176_frame_000169_rgb_anon.png,snow,blurred,sobel_p75,0.4987
GP040176_frame_000169_rgb_anon.png,snow,blurred,canny_proj3,0.2011
GP040176_frame_000169_rgb_anon.png,snow,blurred,canny_proj3_preblur,0.1928
GP040176_frame_000169_rgb_anon.png,snow,blurred,texture_seg,0.5917
GP040176_frame_000169_rgb_anon.png,snow,lowcontrast,sobel_p75,0.9598
GP040176_frame_000169_rgb_anon.png,snow,lowcontrast,canny_proj3,0.9140
GP040176_frame_000169_rgb_anon.png,snow,lowcontrast,canny_proj3_preblur,0.8504
GP040176_frame_000169_rgb_anon.png,snow,lowcontrast,texture_seg,0.8063
GP040176_frame_000428_rgb_anon.png,snow,noisy,sobel_p75,0.4559
GP040176_frame_000428_rgb_anon.png,snow,noisy,canny_proj3,0.2917
GP040176_frame_000428_rgb_anon.png,snow,noisy,canny_proj3_preblur,0.4335
GP040176_frame_000428_rgb_anon.png,snow,noisy,texture_seg,0.8674
GP040176_frame_000428_rgb_anon.png,snow,blurred,sobel_p75,0.4854
GP040176_frame_000428_rgb_anon.png,snow,blurred,canny_proj3,0.2381
GP040176_frame_000428_rgb_anon.png,snow,blurred,canny_proj3_preblur,0.2407
GP040176_frame_000428_rgb_anon.png,snow,blurred,texture_seg,0.6440
GP040176_frame_000428_rgb_anon.png,snow,lowcontrast,sobel_p75,0.9706
GP040176_frame_000428_rgb_anon.png,snow,lowcontrast,canny_proj3,0.9359
GP040176_frame_000428_rgb_anon.png,snow,lowcontrast,canny_proj3_preblur,0.8901
GP040176_frame_000428_rgb_anon.png,snow,lowcontrast,texture_seg,0.7422
GP040176_frame_000707_rgb_anon.png,snow,noisy,sobel_p75,0.3330
GP040176_frame_000707_rgb_anon.png,snow,noisy,canny_proj3,0.1642
GP040176_frame_000707_rgb_anon.png,snow,noisy,canny_proj3_preblur,0.2178
GP040176_frame_000707_rgb_anon.png,snow,noisy,texture_seg,0.9118
GP040176_frame_000707_rgb_anon.png,snow,blurred,sobel_p75,0.5368
GP040176_frame_000707_rgb_anon.png,snow,blurred,canny_proj3,0.2133
GP040176_frame_000707_rgb_anon.png,snow,blurred,canny_proj3_preblur,0.2051
GP040176_frame_000707_rgb_anon.png,snow,blurred,texture_seg,0.8363
GP040176_frame_000707_rgb_anon.png,snow,lowcontrast,sobel_p75,0.9542
GP040176_frame_000707_rgb_anon.png,snow,lowcontrast,canny_proj3,0.9083
GP040176_frame_000707_rgb_anon.png,snow,lowcontrast,canny_proj3_preblur,0.8481
GP040176_frame_000707_rgb_anon.png,snow,lowcontrast,texture_seg,0.8996
GP040176_frame_000775_rgb_anon.png,snow,noisy,sobel_p75,0.4044
GP040176_frame_000775_rgb_anon.png,snow,noisy,canny_proj3,0.2123
GP040176_frame_000775_rgb_anon.png,snow,noisy,canny_proj3_preblur,0.3883
GP040176_frame_000775_rgb_anon.png,snow,noisy,texture_seg,0.9477
GP040176_frame_000775_rgb_anon.png,snow,blurred,sobel_p75,0.5529
GP040176_frame_000775_rgb_anon.png,snow,blurred,canny_proj3,0.2173
GP040176_frame_000775_rgb_anon.png,snow,blurred,canny_proj3_preblur,0.2021
GP040176_frame_000775_rgb_anon.png,snow,blurred,texture_seg,0.8174
GP040176_frame_000775_rgb_anon.png,snow,lowcontrast,sobel_p75,0.9682
GP040176_frame_000775_rgb_anon.png,snow,lowcontrast,canny_proj3,0.9377
GP040176_frame_000775_rgb_anon.png,snow,lowcontrast,canny_proj3_preblur,0.8870
GP040176_frame_000775_rgb_anon.png,snow,lowcontrast,texture_seg,0.8877
GP040176_frame_000918_rgb_anon.png,snow,noisy,sobel_p75,0.3706
GP040176_frame_000918_rgb_anon.png,snow,noisy,canny_proj3,0.1844
GP040176_frame_000918_rgb_anon.png,snow,noisy,canny_proj3_preblur,0.2828
GP040176_frame_000918_rgb_anon.png,snow,noisy,texture_seg,0.7869
GP040176_frame_000918_rgb_anon.png,snow,blurred,sobel_p75,0.5621
GP040176_frame_000918_rgb_anon.png,snow,blurred,canny_proj3,0.2560
GP040176_frame_000918_rgb_anon.png,snow,blurred,canny_proj3_preblur,0.2562
GP040176_frame_000918_rgb_anon.png,snow,blurred,texture_seg,0.7069
GP040176_frame_000918_rgb_anon.png,snow,lowcontrast,sobel_p75,0.9535
GP040176_frame_000918_rgb_anon.png,snow,lowcontrast,canny_proj3,0.9222
GP040176_frame_000918_rgb_anon.png,snow,lowcontrast,canny_proj3_preblur,0.8677
GP040176_frame_000918_rgb_anon.png,snow,lowcontrast,texture_seg,0.8061
GP050176_frame_000188_rgb_anon.png,snow,noisy,sobel_p75,0.3304
GP050176_frame_000188_rgb_anon.png,snow,noisy,canny_proj3,0.1764
GP050176_frame_000188_rgb_anon.png,snow,noisy,canny_proj3_preblur,0.3955
GP050176_frame_000188_rgb_anon.png,snow,noisy,texture_seg,0.9255
GP050176_frame_000188_rgb_anon.png,snow,blurred,sobel_p75,0.5741
GP050176_frame_000188_rgb_anon.png,snow,blurred,canny_proj3,0.2699
GP050176_frame_000188_rgb_anon.png,snow,blurred,canny_proj3_preblur,0.2686
GP050176_frame_000188_rgb_anon.png,snow,blurred,texture_seg,0.8502
GP050176_frame_000188_rgb_anon.png,snow,lowcontrast,sobel_p75,0.9478
GP050176_frame_000188_rgb_anon.png,snow,lowcontrast,canny_proj3,0.9327
GP050176_frame_000188_rgb_anon.png,snow,lowcontrast,canny_proj3_preblur,0.8914
GP050176_frame_000188_rgb_anon.png,snow,lowcontrast,texture_seg,0.8988
GP050176_frame_000897_rgb_anon.png,snow,noisy,sobel_p75,0.3767
GP050176_frame_000897_rgb_anon.png,snow,noisy,canny_proj3,0.1937
GP050176_frame_000897_rgb_anon.png,snow,noisy,canny_proj3_preblur,0.2949
GP050176_frame_000897_rgb_anon.png,snow,noisy,texture_seg,0.8490
GP050176_frame_000897_rgb_anon.png,snow,blurred,sobel_p75,0.5379
GP050176_frame_000897_rgb_anon.png,snow,blurred,canny_proj3,0.2360
GP050176_frame_000897_rgb_anon.png,snow,blurred,canny_proj3_preblur,0.2308
GP050176_frame_000897_rgb_anon.png,snow,blurred,texture_seg,0.7047
GP050176_frame_000897_rgb_anon.png,snow,lowcontrast,sobel_p75,0.9646
GP050176_frame_000897_rgb_anon.png,snow,lowcontrast,canny_proj3,0.9216
GP050176_frame_000897_rgb_anon.png,snow,lowcontrast,canny_proj3_preblur,0.8648
GP050176_frame_000897_rgb_anon.png,snow,lowcontrast,texture_seg,0.7940
